UCPIBQDI0QM,AN_WILTY_EP15_truth2,145,152,truth
UCPIBQDI0QM,AN_WILTY_EP15_truth3,350,355,truth
UCPIBQDI0QM,AN_WILTY_EP15_lie4,423,426,deception
UCPIBQDI0QM,AN_WILTY_EP15_lie5,452,456,deception
UCPIBQDI0QM,AN_WILTY_EP15_truth6,538,544,truth
UCPIBQDI0QM,AN_WILTY_EP15_truth7,588,591,truth
UCPIBQDI0QM,AN_WILTY_EP15_truth8,1024,1028,truth
UCPIBQDI0QM,AN_WILTY_EP15_truth9,1064,1067,truth
UCPIBQDI0QM,AN_WILTY_EP15_lie10,1097,1100,deception
UCPIBQDI0QM,AN_WILTY_EP15_lie11,1110,1113,deception
UCPIBQDI0QM,AN_WILTY_EP15_lie12,1121,1125,deception
UCPIBQDI0QM,AN_WILTY_EP15_lie13,1129,1133,deception
UCPIBQDI0QM,AN_WILTY_EP15_lie14,1141,1147,deception
UCPIBQDI0QM,AN_WILTY_EP15_lie15,1162,1166,deception
UCPIBQDI0QM,AN_WILTY_EP15_lie16,1169,1174,deception
UCPIBQDI0QM,AN_WILTY_EP15_lie17,1188,1193,deception
UCPIBQDI0QM,AN_WILTY_EP15_lie18,1418,1422,deception
UCPIBQDI0QM,AN_WILTY_EP15_lie19,1424,1427,deception
UCPIBQDI0QM,AN_WILTY_EP15_truth20,1526,1531,truth
UCPIBQDI0QM,AN_WILTY_EP15_truth21,1535,1539,truth
UCPIBQDI0QM,AN_WILTY_EP15_truth22,1544,1547,truth
UCPIBQDI0QM,AN_WILTY_EP15_truth23,1574,1583,truth
UCPIBQDI0QM,AN_WILTY_EP15_truth24,1588,1597,truth
hhSNKJ_lcNU,AN_WILTY_EP16_lie1,124,127,deception
hhSNKJ_lcNU,AN_WILTY_EP16_lie2,141,147,deception
hhSNKJ_lcNU,AN_WILTY_EP16_lie3,162,166,deception
hhSNKJ_lcNU,AN_WILTY_EP16_lie4,170,174,deception
hhSNKJ_lcNU,AN_WILTY_EP16_lie5,181,185,deception
hhSNKJ_lcNU,AN_WILTY_EP16_lie6,191,195,deception
hhSNKJ_lcNU,AN_WILTY_EP16_lie7,213,216,deception
hhSNKJ_lcNU,AN_WILTY_EP16_truth8,329,337,truth
hhSNKJ_lcNU,AN_WILTY_EP16_truth9,355,360,truth
hhSNKJ_lcNU,AN_WILTY_EP16_truth10,364,369,truth
hhSNKJ_lcNU,AN_WILTY_EP16_truth11,374,377,truth
hhSNKJ_lcNU,AN_WILTY_EP16_truth12,531,538,truth
hhSNKJ_lcNU,AN_WILTY_EP16_truth13,547,551,truth
hhSNKJ_lcNU,AN_WILTY_EP16_truth14,580,587,truth
hhSNKJ_lcNU,AN_WILTY_EP16_truth15,590,593,truth
hhSNKJ_lcNU,AN_WILTY_EP16_truth16,957,966,truth
hhSNKJ_lcNU,AN_WILTY_EP16_lie17,971,981,deception
hhSNKJ_lcNU,AN_WILTY_EP16_lie18,1031,1034,deception
hhSNKJ_lcNU,AN_WILTY_EP16_lie19,1272,1276,deception
hhSNKJ_lcNU,AN_WILTY_EP16_lie20,1285,1290,deception
hhSNKJ_lcNU,AN_WILTY_EP16_lie21,1294,1299,deception
hhSNKJ_lcNU,AN_WILTY_EP16_truth22,1398,1405,truth
hhSNKJ_lcNU,AN_WILTY_EP16_truth23,1416,1420,truth
hhSNKJ_lcNU,AN_WILTY_EP16_truth24,1437,1444,truth
hhSNKJ_lcNU,AN_WILTY_EP16_truth25,1515,1519,truth
hhSNKJ_lcNU,AN_WILTY_EP16_truth26,1559,1564,truth
QbthTZVmNYk,AN_WILTY_EP17_lie1,103,108,deception
QbthTZVmNYk,AN_WILTY_EP17_truth2,480,484,truth
QbthTZVmNYk,AN_WILTY_EP17_truth3,513,516,truth
QbthTZVmNYk,AN_WILTY_EP17_truth4,530,533,truth
QbthTZVmNYk,AN_WILTY_EP17_truth5,563,568,truth
QbthTZVmNYk,AN_WILTY_EP17_truth6,589,595,truth
QbthTZVmNYk,AN_WILTY_EP17_truth7,974,977,truth
QbthTZVmNYk,AN_WILTY_EP17_lie8,986,989,deception
QbthTZVmNYk,AN_WILTY_EP17_lie9,993,999,deception
QbthTZVmNYk,AN_WILTY_EP17_truth10,1215,1220,truth
QbthTZVmNYk,AN_WILTY_EP17_truth11,1226,1233,truth
QbthTZVmNYk,AN_WILTY_EP17_truth12,1245,1248,truth
QbthTZVmNYk,AN_WILTY_EP17_lie13,1388,1395,deception
QbthTZVmNYk,AN_WILTY_EP17_lie14,1418,1422,deception
QbthTZVmNYk,AN_WILTY_EP17_lie15,1455,1459,deception
QbthTZVmNYk,AN_WILTY_EP17_lie16,1554,1557,deception
QbthTZVmNYk,AN_WILTY_EP17_lie17,1560,1563,deception
QbthTZVmNYk,AN_WILTY_EP17_lie18,1581,1585,deception
QbthTZVmNYk,AN_WILTY_EP17_lie19,1592,1595,deception
DJRLZV4Ec44,AN_WILTY_EP18_truth1,108,113,truth
DJRLZV4Ec44,AN_WILTY_EP18_truth2,129,134,truth
DJRLZV4Ec44,AN_WILTY_EP18_truth3,169,173,truth
DJRLZV4Ec44,AN_WILTY_EP18_truth4,179,186,truth
DJRLZV4Ec44,AN_WILTY_EP18_truth5,197,200,truth
DJRLZV4Ec44,AN_WILTY_EP18_lie6,307,310,deception
DJRLZV4Ec44,AN_WILTY_EP18_lie7,328,332,deception
DJRLZV4Ec44,AN_WILTY_EP18_lie8,339,342,deception
DJRLZV4Ec44,AN_WILTY_EP18_lie9,481,487,deception
DJRLZV4Ec44,AN_WILTY_EP18_lie10,582,588,deception
DJRLZV4Ec44,AN_WILTY_EP18_lie11,926,929,deception
DJRLZV4Ec44,AN_WILTY_EP18_lie12,936,939,deception
DJRLZV4Ec44,AN_WILTY_EP18_truth13,986,989,truth
DJRLZV4Ec44,AN_WILTY_EP18_lie14,1061,1067,deception
DJRLZV4Ec44,AN_WILTY_EP18_lie15,1075,1081,deception
DJRLZV4Ec44,AN_WILTY_EP18_lie16,1091,1094,deception
DJRLZV4Ec44,AN_WILTY_EP18_lie17,1096,1099,deception
DJRLZV4Ec44,AN_WILTY_EP18_lie18,1105,1110,deception
DJRLZV4Ec44,AN_WILTY_EP18_truth19,1199,1203,truth
DJRLZV4Ec44,AN_WILTY_EP18_lie20,1240,1245,deception
DJRLZV4Ec44,AN_WILTY_EP18_lie21,1266,1273,deception
DJRLZV4Ec44,AN_WILTY_EP18_lie22,1286,1290,deception
DJRLZV4Ec44,AN_WILTY_EP18_truth23,1366,1370,truth
ZrnEJ5g4CLU,AN_WILTY_EP19_lie1,131,137,deception
ZrnEJ5g4CLU,AN_WILTY_EP19_lie2,181,188,deception
ZrnEJ5g4CLU,AN_WILTY_EP19_truth3,324,328,truth
ZrnEJ5g4CLU,AN_WILTY_EP19_truth4,333,336,truth
ZrnEJ5g4CLU,AN_WILTY_EP19_truth5,368,376,truth
ZrnEJ5g4CLU,AN_WILTY_EP19_truth6,489,493,truth
ZrnEJ5g4CLU,AN_WILTY_EP19_lie7,577,582,deception
ZrnEJ5g4CLU,AN_WILTY_EP19_lie8,612,617,deception
ZrnEJ5g4CLU,AN_WILTY_EP19_lie9,623,628,deception
ZrnEJ5g4CLU,AN_WILTY_EP19_lie10,646,650,deception
ZrnEJ5g4CLU,AN_WILTY_EP19_lie11,968,972,deception
ZrnEJ5g4CLU,AN_WILTY_EP19_lie12,977,982,deception
ZrnEJ5g4CLU,AN_WILTY_EP19_lie13,1174,1178,deception
ZrnEJ5g4CLU,AN_WILTY_EP19_lie14,1195,1198,deception
ZrnEJ5g4CLU,AN_WILTY_EP19_lie15,1356,1361,deception
ZrnEJ5g4CLU,AN_WILTY_EP19_lie16,1375,1378,deception
ZrnEJ5g4CLU,AN_WILTY_EP19_lie17,1394,1398,deception
ZrnEJ5g4CLU,AN_WILTY_EP19_lie18,1402,1407,deception
ZrnEJ5g4CLU,AN_WILTY_EP19_lie19,1480,1484,deception
ZrnEJ5g4CLU,AN_WILTY_EP19_truth20,1550,1556,truth
ZrnEJ5g4CLU,AN_WILTY_EP19_truth21,1599,1602,truth
VSSCH5LcafA,AN_WILTY_EP20_truth1,115,119,truth
VSSCH5LcafA,AN_WILTY_EP20_truth2,335,338,truth
VSSCH5LcafA,AN_WILTY_EP20_truth3,361,366,truth
VSSCH5LcafA,AN_WILTY_EP20_truth4,407,411,truth
VSSCH5LcafA,AN_WILTY_EP20_lie5,534,537,deception
VSSCH5LcafA,AN_WILTY_EP20_lie6,552,557,deception
VSSCH5LcafA,AN_WILTY_EP20_lie7,593,599,deception
VSSCH5LcafA,AN_WILTY_EP20_lie8,601,605,deception
VSSCH5LcafA,AN_WILTY_EP20_lie9,612,616,deception
VSSCH5LcafA,AN_WILTY_EP20_lie10,1014,1017,deception
VSSCH5LcafA,AN_WILTY_EP20_truth11,1034,1040,truth
VSSCH5LcafA,AN_WILTY_EP20_lie12,1134,1141,deception
VSSCH5LcafA,AN_WILTY_EP20_lie13,1152,1155,deception
VSSCH5LcafA,AN_WILTY_EP20_lie14,1475,1479,deception
VSSCH5LcafA,AN_WILTY_EP20_lie15,1526,1535,deception
VSSCH5LcafA,AN_WILTY_EP20_lie16,1565,1570,deception
K9h744kQGTM,AN_WILTY_EP21_lie1,111,116,deception
K9h744kQGTM,AN_WILTY_EP21_truth2,344,349,truth
K9h744kQGTM,AN_WILTY_EP21_truth3,358,365,truth
K9h744kQGTM,AN_WILTY_EP21_truth4,424,430,truth
K9h744kQGTM,AN_WILTY_EP21_lie5,514,521,deception
K9h744kQGTM,AN_WILTY_EP21_lie6,531,538,deception
K9h744kQGTM,AN_WILTY_EP21_lie7,542,545,deception
K9h744kQGTM,AN_WILTY_EP21_lie8,549,553,deception
K9h744kQGTM,AN_WILTY_EP21_lie9,1039,1042,deception
K9h744kQGTM,AN_WILTY_EP21_lie10,1055,1060,deception
K9h744kQGTM,AN_WILTY_EP21_lie11,1064,1068,deception
K9h744kQGTM,AN_WILTY_EP21_lie12,1192,1196,deception
K9h744kQGTM,AN_WILTY_EP21_lie13,1307,1312,deception
K9h744kQGTM,AN_WILTY_EP21_lie14,1316,1323,deception
K9h744kQGTM,AN_WILTY_EP21_lie15,1332,1337,deception
K9h744kQGTM,AN_WILTY_EP21_lie16,1363,1366,deception
K9h744kQGTM,AN_WILTY_EP21_lie17,1381,1386,deception
K9h744kQGTM,AN_WILTY_EP21_lie18,1416,1420,deception
K9h744kQGTM,AN_WILTY_EP21_truth19,1424,1427,truth
K9h744kQGTM,AN_WILTY_EP21_truth20,1450,1454,truth
K9h744kQGTM,AN_WILTY_EP21_truth21,1460,1464,truth
K9h744kQGTM,AN_WILTY_EP21_lie22,1536,1540,deception
K9h744kQGTM,AN_WILTY_EP21_lie23,1564,1568,deception
K9h744kQGTM,AN_WILTY_EP21_lie24,1630,1635,deception
4guAsXvaYfE,AN_WILTY_EP22_truth1,120,125,truth
4guAsXvaYfE,AN_WILTY_EP22_truth2,129,135,truth
4guAsXvaYfE,AN_WILTY_EP22_truth3,151,154,truth
4guAsXvaYfE,AN_WILTY_EP22_truth4,182,185,truth
4guAsXvaYfE,AN_WILTY_EP22_lie5,283,286,deception
4guAsXvaYfE,AN_WILTY_EP22_lie6,294,299,deception
4guAsXvaYfE,AN_WILTY_EP22_lie7,331,334,deception
4guAsXvaYfE,AN_WILTY_EP22_lie8,449,456,deception
4guAsXvaYfE,AN_WILTY_EP22_lie9,490,493,deception
4guAsXvaYfE,AN_WILTY_EP22_lie10,512,517,deception
4guAsXvaYfE,AN_WILTY_EP22_lie11,538,542,deception
4guAsXvaYfE,AN_WILTY_EP22_lie12,569,573,deception
4guAsXvaYfE,AN_WILTY_EP22_truth13,646,652,truth
4guAsXvaYfE,AN_WILTY_EP22_truth14,691,698,truth
4guAsXvaYfE,AN_WILTY_EP22_truth15,728,735,truth
4guAsXvaYfE,AN_WILTY_EP22_lie16,1088,1091,deception
4guAsXvaYfE,AN_WILTY_EP22_lie17,1098,1102,deception
4guAsXvaYfE,AN_WILTY_EP22_truth18,1106,1110,truth
4guAsXvaYfE,AN_WILTY_EP22_truth19,1153,1159,truth
4guAsXvaYfE,AN_WILTY_EP22_truth20,1175,1179,truth
4guAsXvaYfE,AN_WILTY_EP22_lie21,1190,1193,deception
4guAsXvaYfE,AN_WILTY_EP22_lie22,1197,1200,deception
4guAsXvaYfE,AN_WILTY_EP22_lie23,1203,1206,deception
4guAsXvaYfE,AN_WILTY_EP22_lie24,1222,1226,deception
4guAsXvaYfE,AN_WILTY_EP22_lie25,1282,1285,deception
4guAsXvaYfE,AN_WILTY_EP22_lie26,1287,1293,deception
4guAsXvaYfE,AN_WILTY_EP22_lie27,1413,1418,deception
4guAsXvaYfE,AN_WILTY_EP22_lie28,1446,1454,deception
4guAsXvaYfE,AN_WILTY_EP22_lie29,1460,1467,deception
4guAsXvaYfE,AN_WILTY_EP22_lie30,1571,1575,truth
7AYOdlw5Gg4,AN_WILTY_EP23_truth1,112,118,truth
7AYOdlw5Gg4,AN_WILTY_EP23_truth2,185,190,truth
7AYOdlw5Gg4,AN_WILTY_EP23_truth3,203,207,truth
7AYOdlw5Gg4,AN_WILTY_EP23_truth4,219,224,truth
7AYOdlw5Gg4,AN_WILTY_EP23_truth5,229,234,truth
7AYOdlw5Gg4,AN_WILTY_EP23_truth6,329,335,truth
7AYOdlw5Gg4,AN_WILTY_EP23_truth7,347,350,truth
7AYOdlw5Gg4,AN_WILTY_EP23_truth8,354,357,truth
7AYOdlw5Gg4,AN_WILTY_EP23_truth9,360,368,truth
Nj66dXc93U0,AN_WILTY_EP24_lie1,3,6,deception
Nj66dXc93U0,AN_WILTY_EP24_lie2,11,21,deception
Nj66dXc93U0,AN_WILTY_EP24_lie3,23,28,deception
Nj66dXc93U0,AN_WILTY_EP24_lie4,33,39,deception
Nj66dXc93U0,AN_WILTY_EP24_lie5,41,47,deception
Nj66dXc93U0,AN_WILTY_EP24_lie6,96,103,deception
Nj66dXc93U0,AN_WILTY_EP24_lie7,135,142,deception
Nj66dXc93U0,AN_WILTY_EP24_truth8,355,358,truth
Nj66dXc93U0,AN_WILTY_EP24_lie9,363,370,deception
Nj66dXc93U0,AN_WILTY_EP24_lie10,376,382,deception
Nj66dXc93U0,AN_WILTY_EP24_truth11,397,401,truth
Nj66dXc93U0,AN_WILTY_EP24_truth12,477,480,truth
Nj66dXc93U0,AN_WILTY_EP24_lie13,509,513,deception
Nj66dXc93U0,AN_WILTY_EP24_lie14,526,530,deception
Nj66dXc93U0,AN_WILTY_EP24_lie15,556,559,deception
Nj66dXc93U0,AN_WILTY_EP24_lie16,566,576,deception
Nj66dXc93U0,AN_WILTY_EP24_lie17,586,591,deception
Af5tAj0w2Ig,AN_WILTY_EP25_lie1,6,10,deception
Af5tAj0w2Ig,AN_WILTY_EP25_lie2,14,19,deception
Af5tAj0w2Ig,AN_WILTY_EP25_lie3,28,32,deception
Af5tAj0w2Ig,AN_WILTY_EP25_truth4,237,244,truth
Af5tAj0w2Ig,AN_WILTY_EP25_truth5,270,280,truth
Af5tAj0w2Ig,AN_WILTY_EP25_truth6,287,291,truth
Af5tAj0w2Ig,AN_WILTY_EP25_lie7,379,384,deception
Af5tAj0w2Ig,AN_WILTY_EP25_lie8,424,428,deception
Af5tAj0w2Ig,AN_WILTY_EP25_lie9,430,434,deception
Af5tAj0w2Ig,AN_WILTY_EP25_lie10,448,458,deception
Af5tAj0w2Ig,AN_WILTY_EP25_lie11,458,468,deception
ZtLI7s4GvnI,AN_WILTY_EP26_lie1,104,110,deception
ZtLI7s4GvnI,AN_WILTY_EP26_truth2,313,319,truth
ZtLI7s4GvnI,AN_WILTY_EP26_truth3,337,345,truth
ZtLI7s4GvnI,AN_WILTY_EP26_truth4,351,356,truth
ZtLI7s4GvnI,AN_WILTY_EP26_truth5,361,367,truth
ZtLI7s4GvnI,AN_WILTY_EP26_truth6,390,400,truth
ZtLI7s4GvnI,AN_WILTY_EP26_truth7,403,413,truth
ZtLI7s4GvnI,AN_WILTY_EP26_truth8,413,420,truth
ZtLI7s4GvnI,AN_WILTY_EP26_truth9,467,472,truth
ZtLI7s4GvnI,AN_WILTY_EP26_truth10,546,551,truth
ZtLI7s4GvnI,AN_WILTY_EP26_truth11,598,601,truth
ZtLI7s4GvnI,AN_WILTY_EP26_truth12,620,623,truth
ZtLI7s4GvnI,AN_WILTY_EP26_truth13,698,708,truth
ZtLI7s4GvnI,AN_WILTY_EP26_lie14,720,725,deception
ZtLI7s4GvnI,AN_WILTY_EP26_lie15,730,739,deception
ZtLI7s4GvnI,AN_WILTY_EP26_lie16,754,762,deception
ZtLI7s4GvnI,AN_WILTY_EP26_lie17,791,797,deception
ZtLI7s4GvnI,AN_WILTY_EP26_lie18,818,821,deception
8at1JnjYn58,AN_WILTY_EP27_lie1,21,24,deception
8at1JnjYn58,AN_WILTY_EP27_lie2,41,47,deception
8at1JnjYn58,AN_WILTY_EP27_lie3,51,60,deception
8at1JnjYn58,AN_WILTY_EP27_lie4,64,67,deception
8at1JnjYn58,AN_WILTY_EP27_truth5,107,111,truth
8at1JnjYn58,AN_WILTY_EP27_truth6,125,129,truth
8at1JnjYn58,AN_WILTY_EP27_truth7,135,140,truth
8at1JnjYn58,AN_WILTY_EP27_truth8,153,163,truth
8at1JnjYn58,AN_WILTY_EP27_truth9,200,204,truth
8at1JnjYn58,AN_WILTY_EP27_truth10,215,220,truth
8at1JnjYn58,AN_WILTY_EP27_lie11,333,338,deception
8at1JnjYn58,AN_WILTY_EP27_lie12,567,571,deception
8at1JnjYn58,AN_WILTY_EP27_truth13,669,673,truth
8at1JnjYn58,AN_WILTY_EP27_truth14,690,693,truth
8at1JnjYn58,AN_WILTY_EP27_truth15,719,724,truth
8at1JnjYn58,AN_WILTY_EP27_truth16,740,745,truth
nkCdzNDP8CY,AN_WILTY_EP28_lie1,110,113,deception
nkCdzNDP8CY,AN_WILTY_EP28_lie2,124,134,deception
nkCdzNDP8CY,AN_WILTY_EP28_lie3,134,138,deception
nkCdzNDP8CY,AN_WILTY_EP28_lie4,150,155,deception
nkCdzNDP8CY,AN_WILTY_EP28_lie5,160,163,deception
nkCdzNDP8CY,AN_WILTY_EP28_lie6,168,175,deception
nkCdzNDP8CY,AN_WILTY_EP28_truth7,255,263,truth
nkCdzNDP8CY,AN_WILTY_EP28_truth8,355,361,truth
nkCdzNDP8CY,AN_WILTY_EP28_truth9,392,397,truth
nkCdzNDP8CY,AN_WILTY_EP28_truth10,404,409,truth
nkCdzNDP8CY,AN_WILTY_EP28_truth11,464,467,truth
nkCdzNDP8CY,AN_WILTY_EP28_truth12,486,491,truth
nkCdzNDP8CY,AN_WILTY_EP28_truth13,591,594,truth
nkCdzNDP8CY,AN_WILTY_EP28_truth14,626,631,truth
nkCdzNDP8CY,AN_WILTY_EP28_truth15,650,654,truth
nkCdzNDP8CY,AN_WILTY_EP28_truth16,669,677,truth
nkCdzNDP8CY,AN_WILTY_EP28_truth17,825,829,truth
xXnyKLgp3eg,YW_WILTY_EP43_truth1 ,136,146,truth
xXnyKLgp3eg,YW_WILTY_EP43_truth2,178,183,truth
xXnyKLgp3eg,YW_WILTY_EP43_truth3,243,248,truth
xXnyKLgp3eg,YW_WILTY_EP43_lie1,454,458,deception
xXnyKLgp3eg,YW_WILTY_EP43_lie2,469,478,deception
xXnyKLgp3eg,YW_WILTY_EP43_lie3,495,500,deception
xXnyKLgp3eg,YW_WILTY_EP43_lie4,553,558,deception
xXnyKLgp3eg,YW_WILTY_EP43_lie5,560,564,deception
xXnyKLgp3eg,YW_WILTY_EP43_lie6,690,693,deception
xXnyKLgp3eg,YW_WILTY_EP43_truth4,776,783,truth
xXnyKLgp3eg,YW_WILTY_EP43_lie7,791,799,deception
xXnyKLgp3eg,YW_WILTY_EP43_lie8,807,813,deception
xXnyKLgp3eg,YW_WILTY_EP43_lie9,858,862,deception
xXnyKLgp3eg,YW_WILTY_EP43_lie10,877,880,deception
xXnyKLgp3eg,YW_WILTY_EP43_truth5,1033,1036,truth
xXnyKLgp3eg,YW_WILTY_EP43_truth6,1042,1052,truth
xXnyKLgp3eg,YW_WILTY_EP43_truth7,1055,1062,truth
xXnyKLgp3eg,YW_WILTY_EP43_truth8,1070,1080,truth
xXnyKLgp3eg,YW_WILTY_EP43_lie11,1137,1141,deception
xXnyKLgp3eg,YW_WILTY_EP43_lie12,1193,1197,deception
xXnyKLgp3eg,YW_WILTY_EP43_lie13,1317,1322,deception
xXnyKLgp3eg,YW_WILTY_EP43_lie14,1348,1353,deception
xXnyKLgp3eg,YW_WILTY_EP43_lie15,1503,1507,deception
E0g49dh14S8,YW_WILTY_EP44_lie1,126,132,deception
E0g49dh14S8,YW_WILTY_EP44_lie2,139,144,deception
E0g49dh14S8,YW_WILTY_EP44_lie3,182,185,deception
E0g49dh14S8,YW_WILTY_EP44_lie4,188,191,deception
E0g49dh14S8,YW_WILTY_EP44_lie5,422,427,truth
E0g49dh14S8,YW_WILTY_EP44_truth1,439,449,truth
E0g49dh14S8,YW_WILTY_EP44_truth2,469,473,truth
E0g49dh14S8,YW_WILTY_EP44_truth3,642,645,truth
E0g49dh14S8,YW_WILTY_EP44_truth4,855,861,truth
E0g49dh14S8,YW_WILTY_EP44_lie6,866,873,deception
E0g49dh14S8,YW_WILTY_EP44_lie7,878,885,deception
E0g49dh14S8,YW_WILTY_EP44_truth5,906,913,truth
E0g49dh14S8,YW_WILTY_EP44_truth6,929,932,truth
E0g49dh14S8,YW_WILTY_EP44_truth7,941,948,truth
E0g49dh14S8,YW_WILTY_EP44_truth8,954,957,truth
E0g49dh14S8,YW_WILTY_EP44_truth9,986,990,truth
E0g49dh14S8,YW_WILTY_EP44_truth10,1004,1008,truth
E0g49dh14S8,YW_WILTY_EP44_lie8,1041,1044,deception
E0g49dh14S8,YW_WILTY_EP44_lie9,1054,1057,deception
E0g49dh14S8,YW_WILTY_EP44_lie10,1066,1069,deception
E0g49dh14S8,YW_WILTY_EP44_lie11,1078,1083,deception
E0g49dh14S8,YW_WILTY_EP44_lie12,1263,1268,deception
E0g49dh14S8,YW_WILTY_EP44_lie13,1279,1283,deception
E0g49dh14S8,YW_WILTY_EP44_lie14,1285,1288,deception
E0g49dh14S8,YW_WILTY_EP44_lie15,1327,1332,deception
E0g49dh14S8,YW_WILTY_EP44_truth11,1392,1396,truth
E0g49dh14S8,YW_WILTY_EP44_truth12,1418,1427,truth
E0g49dh14S8,YW_WILTY_EP44_truth13,1456,1462,truth
E0g49dh14S8,YW_WILTY_EP44_truth14,1549,1553,truth
E0g49dh14S8,YW_WILTY_EP44_truth15,1558,1568,truth
L2dK_5Zg5Rg,YW_WILTY_EP45_truth1,192,196,truth
L2dK_5Zg5Rg,YW_WILTY_EP45_lie1,381,384,deception
L2dK_5Zg5Rg,YW_WILTY_EP45_lie2,386,389,deception
L2dK_5Zg5Rg,YW_WILTY_EP45_lie3,401,406,deception
L2dK_5Zg5Rg,YW_WILTY_EP45_lie4,410,417,deception
L2dK_5Zg5Rg,YW_WILTY_EP45_lie5,445,451,deception
L2dK_5Zg5Rg,YW_WILTY_EP45_lie6,455,458,deception
L2dK_5Zg5Rg,YW_WILTY_EP45_lie7,481,486,deception
L2dK_5Zg5Rg,YW_WILTY_EP45_lie8,499,504,deception
L2dK_5Zg5Rg,YW_WILTY_EP45_truth2,615,620,truth
L2dK_5Zg5Rg,YW_WILTY_EP45_truth3,642,646,truth
L2dK_5Zg5Rg,YW_WILTY_EP45_truth4,649,655,truth
L2dK_5Zg5Rg,YW_WILTY_EP45_truth5,740,746,truth
L2dK_5Zg5Rg,YW_WILTY_EP45_truth6,757,762,truth
L2dK_5Zg5Rg,YW_WILTY_EP45_lie9,854,857,deception
L2dK_5Zg5Rg,YW_WILTY_EP45_truth7,861,868,truth
L2dK_5Zg5Rg,YW_WILTY_EP45_lie10,870,877,deception
L2dK_5Zg5Rg,YW_WILTY_EP45_lie11,915,918,deception
L2dK_5Zg5Rg,YW_WILTY_EP45_lie12,937,943,deception
L2dK_5Zg5Rg,YW_WILTY_EP45_lie13,956,961,deception
L2dK_5Zg5Rg,YW_WILTY_EP45_lie14,1064,1072,deception
L2dK_5Zg5Rg,YW_WILTY_EP45_lie15,1077,1085,deception
L2dK_5Zg5Rg,YW_WILTY_EP45_lie16,1088,1096,deception
L2dK_5Zg5Rg,YW_WILTY_EP45_lie17,1124,1127,deception
L2dK_5Zg5Rg,YW_WILTY_EP45_lie18,1133,1137,deception
L2dK_5Zg5Rg,YW_WILTY_EP45_lie19,1159,1164,deception
LPs5nlYYQck,YW_WILTY_EP46_lie1,150,153,deception
LPs5nlYYQck,YW_WILTY_EP46_lie2,162,166,deception
LPs5nlYYQck,YW_WILTY_EP46_truth1,407,413,truth
LPs5nlYYQck,YW_WILTY_EP46_truth1,545,549,truth
LPs5nlYYQck,YW_WILTY_EP46_lie3,666,674,deception
LPs5nlYYQck,YW_WILTY_EP46_lie4,690,694,deception
LPs5nlYYQck,YW_WILTY_EP46_lie5,709,717,deception
LPs5nlYYQck,YW_WILTY_EP46_truth3,843,846,truth
LPs5nlYYQck,YW_WILTY_EP46_truth4,859,865,truth
LPs5nlYYQck,YW_WILTY_EP46_lie6,879,883,deception
LPs5nlYYQck,YW_WILTY_EP46_lie7,924,928,deception
LPs5nlYYQck,YW_WILTY_EP46_truth5,1115,1118,truth
LPs5nlYYQck,YW_WILTY_EP46_truth6,1146,1150,truth
LPs5nlYYQck,YW_WILTY_EP46_truth7,1162,1165,truth
LPs5nlYYQck,YW_WILTY_EP46_truth8,1215,1218,truth
LPs5nlYYQck,YW_WILTY_EP46_truth9,1221,1225,truth
LPs5nlYYQck,YW_WILTY_EP46_truth10,1233,1238,truth
LPs5nlYYQck,YW_WILTY_EP46_lie8,1326,1335,deception
LPs5nlYYQck,YW_WILTY_EP46_truth11,1557,1560,truth
LPs5nlYYQck,YW_WILTY_EP46_truth12,1589,1598,truth
NHiEffV3Ixw,YW_WILTY_EP47_lie1,146,150,deception
NHiEffV3Ixw,YW_WILTY_EP47_lie2,282,285,deception
NHiEffV3Ixw,YW_WILTY_EP47_lie3,314,319,deception
NHiEffV3Ixw,YW_WILTY_EP47_truth1,390,393,truth
NHiEffV3Ixw,YW_WILTY_EP47_truth2,461,465,truth
NHiEffV3Ixw,YW_WILTY_EP47_lie4,600,609,deception
NHiEffV3Ixw,YW_WILTY_EP47_lie5,612,618,deception
NHiEffV3Ixw,YW_WILTY_EP47_lie6,632,635,deception
NHiEffV3Ixw,YW_WILTY_EP47_lie7,638,641,deception
NHiEffV3Ixw,YW_WILTY_EP47_lie8,653,662,deception
NHiEffV3Ixw,YW_WILTY_EP47_lie9,674,678,deception
NHiEffV3Ixw,YW_WILTY_EP47_lie10,710,713,deception
NHiEffV3Ixw,YW_WILTY_EP47_lie11,719,722,deception
NHiEffV3Ixw,YW_WILTY_EP47_truth3,842,850,truth
NHiEffV3Ixw,YW_WILTY_EP47_lie12,857,867,deception
NHiEffV3Ixw,YW_WILTY_EP47_lie13,872,879,deception
NHiEffV3Ixw,YW_WILTY_EP47_lie14,917,922,deception
NHiEffV3Ixw,YW_WILTY_EP47_lie15,955,958,deception
NHiEffV3Ixw,YW_WILTY_EP47_truth4,984,987,truth
NHiEffV3Ixw,YW_WILTY_EP47_truth5,1005,1008,truth
NHiEffV3Ixw,YW_WILTY_EP47_lie16,1027,1031,deception
NHiEffV3Ixw,YW_WILTY_EP47_lie17,1136,1140,deception
NHiEffV3Ixw,YW_WILTY_EP47_lie18,1143,1147,deception
NHiEffV3Ixw,YW_WILTY_EP47_lie19,1164,1168,deception
NHiEffV3Ixw,YW_WILTY_EP47_lie20,1333,1338,deception
NHiEffV3Ixw,YW_WILTY_EP47_truth6,1559,1568,truth
NHiEffV3Ixw,YW_WILTY_EP47_truth7,1594,1598,truth
goi-_qyD7UU,YW_WILTY_EP48_truth1,149,153,truth
goi-_qyD7UU,YW_WILTY_EP48_truth2,207,210,truth
goi-_qyD7UU,YW_WILTY_EP48_truth3,239,243,truth
goi-_qyD7UU,YW_WILTY_EP48_truth4,334,340,truth
goi-_qyD7UU,YW_WILTY_EP48_truth5,359,362,truth
goi-_qyD7UU,YW_WILTY_EP48_truth6,376,380,truth
goi-_qyD7UU,YW_WILTY_EP48_truth7,386,390,truth
goi-_qyD7UU,YW_WILTY_EP48_lie1,514,517,deception
goi-_qyD7UU,YW_WILTY_EP48_lie2,553,558,deception
goi-_qyD7UU,YW_WILTY_EP48_lie3,734,738,deception
goi-_qyD7UU,YW_WILTY_EP48_lie4,740,743,deception
goi-_qyD7UU,YW_WILTY_EP48_lie5,766,770,deception
goi-_qyD7UU,YW_WILTY_EP48_lie6,819,823,deception
goi-_qyD7UU,YW_WILTY_EP48_lie7,916,920,deception
goi-_qyD7UU,YW_WILTY_EP48_lie8,924,927,deception
goi-_qyD7UU,YW_WILTY_EP48_lie9,953,962,deception
goi-_qyD7UU,YW_WILTY_EP48_lie10,966,973,deception
goi-_qyD7UU,YW_WILTY_EP48_truth8,1001,1005,truth
goi-_qyD7UU,YW_WILTY_EP48_truth9,1034,1037,truth
goi-_qyD7UU,YW_WILTY_EP48_lie11,1265,1268,deception
txoRmRLHD-E,YW_WILTY_EP49_truth1,140,145,truth
txoRmRLHD-E,YW_WILTY_EP49_truth2,163,167,truth
txoRmRLHD-E,YW_WILTY_EP49_truth3,171,181,truth
txoRmRLHD-E,YW_WILTY_EP49_truth4,259,262,truth
txoRmRLHD-E,YW_WILTY_EP49_truth5,466,470,truth
txoRmRLHD-E,YW_WILTY_EP49_lie1,682,685,deception
txoRmRLHD-E,YW_WILTY_EP49_truth6,894,900,truth
txoRmRLHD-E,YW_WILTY_EP49_lie2,908,918,deception
txoRmRLHD-E,YW_WILTY_EP49_lie3,922,929,deception
txoRmRLHD-E,YW_WILTY_EP49_lie4,979,983,deception
txoRmRLHD-E,YW_WILTY_EP49_lie5,993,998,deception
txoRmRLHD-E,YW_WILTY_EP49_truth7,1134,1142,truth
txoRmRLHD-E,YW_WILTY_EP49_truth8,1148,1158,truth
txoRmRLHD-E,YW_WILTY_EP49_truth9,1163,1168,truth
txoRmRLHD-E,YW_WILTY_EP49_lie6,1266,1272,deception
txoRmRLHD-E,YW_WILTY_EP49_lie7,1303,1307,deception
txoRmRLHD-E,YW_WILTY_EP49_lie8,1345,1353,deception
txoRmRLHD-E,YW_WILTY_EP49_truth10,1500,1507,truth
txoRmRLHD-E,YW_WILTY_EP49_truth11,1514,1522,truth
txoRmRLHD-E,YW_WILTY_EP49_truth12,1540,1543,truth
txoRmRLHD-E,YW_WILTY_EP49_truth13,1557,1560,truth
txoRmRLHD-E,YW_WILTY_EP49_truth14,1563,1567,truth
FvHR_5rI8NY,YW_WILTY_EP50_lie1,131,134,deception
FvHR_5rI8NY,YW_WILTY_EP50_lie2,138,142,deception
FvHR_5rI8NY,YW_WILTY_EP50_lie3,149,158,deception
FvHR_5rI8NY,YW_WILTY_EP50_lie4,172,175,deception
FvHR_5rI8NY,YW_WILTY_EP50_lie5,209,218,deception
FvHR_5rI8NY,YW_WILTY_EP50_lie6,222,226,deception
FvHR_5rI8NY,YW_WILTY_EP50_truth1,310,316,truth
FvHR_5rI8NY,YW_WILTY_EP50_truth2,357,363,truth
FvHR_5rI8NY,YW_WILTY_EP50_truth3,367,372,truth
FvHR_5rI8NY,YW_WILTY_EP50_truth4,375,378,truth
FvHR_5rI8NY,YW_WILTY_EP50_truth5,399,403,truth
FvHR_5rI8NY,YW_WILTY_EP50_lie7,604,607,deception
FvHR_5rI8NY,YW_WILTY_EP50_truth6,612,616,truth
FvHR_5rI8NY,YW_WILTY_EP50_lie8,621,626,deception
FvHR_5rI8NY,YW_WILTY_EP50_lie9,633,636,deception
FvHR_5rI8NY,YW_WILTY_EP50_lie10,659,665,deception
FvHR_5rI8NY,YW_WILTY_EP50_lie11,680,683,deception
FvHR_5rI8NY,YW_WILTY_EP50_lie12,687,691,deception
FvHR_5rI8NY,YW_WILTY_EP50_lie13,710,713,deception
FvHR_5rI8NY,YW_WILTY_EP50_lie14,726,733,deception
FvHR_5rI8NY,YW_WILTY_EP50_lie15,737,745,deception
FvHR_5rI8NY,YW_WILTY_EP50_truth7,889,893,truth
FvHR_5rI8NY,YW_WILTY_EP50_truth8,935,938,truth
FvHR_5rI8NY,YW_WILTY_EP50_truth9,945,949,truth
FvHR_5rI8NY,YW_WILTY_EP50_truth10,955,959,truth
FvHR_5rI8NY,YW_WILTY_EP50_truth11,1225,1228,truth
FvHR_5rI8NY,YW_WILTY_EP50_truth12,1395,1400,truth
FvHR_5rI8NY,YW_WILTY_EP50_truth13,1413,1416,truth
FvHR_5rI8NY,YW_WILTY_EP50_truth14,1429,1433,truth
FvHR_5rI8NY,YW_WILTY_EP50_truth15,1438,1443,truth
XOOe7-3jptw,YW_WILTY_EP51_truth1,140,147,truth
XOOe7-3jptw,YW_WILTY_EP51_truth2,211,217,truth
XOOe7-3jptw,YW_WILTY_EP51_truth3,221,225,truth
XOOe7-3jptw,YW_WILTY_EP51_lie1,339,342,deception
XOOe7-3jptw,YW_WILTY_EP51_lie2,575,578,deception
XOOe7-3jptw,YW_WILTY_EP51_lie3,589,594,deception
XOOe7-3jptw,YW_WILTY_EP51_lie4,648,655,deception
XOOe7-3jptw,YW_WILTY_EP51_lie5,687,691,deception
XOOe7-3jptw,YW_WILTY_EP51_truth4,825,834,truth
XOOe7-3jptw,YW_WILTY_EP51_lie6,911,915,deception
XOOe7-3jptw,YW_WILTY_EP51_lie7,944,953,deception
XOOe7-3jptw,YW_WILTY_EP51_lie8,958,964,deception
XOOe7-3jptw,YW_WILTY_EP51_lie9,1388,1393,deception
XOOe7-3jptw,YW_WILTY_EP51_truth5,1531,1535,truth
XOOe7-3jptw,YW_WILTY_EP51_truth6,1552,1555,truth
9vYm2nB7qX8,YW_WILTY_EP52_truth1,124,130,truth
9vYm2nB7qX8,YW_WILTY_EP52_truth2,206,213,truth
9vYm2nB7qX8,YW_WILTY_EP52_truth3,329,336,truth
9vYm2nB7qX8,YW_WILTY_EP52_truth4,340,347,truth
9vYm2nB7qX8,YW_WILTY_EP52_truth5,363,369,truth
9vYm2nB7qX8,YW_WILTY_EP52_truth6,420,428,truth
9vYm2nB7qX8,YW_WILTY_EP52_lie1,582,586,deception
9vYm2nB7qX8,YW_WILTY_EP52_lie2,832,837,deception
9vYm2nB7qX8,YW_WILTY_EP52_lie3,843,853,deception
9vYm2nB7qX8,YW_WILTY_EP52_lie4,906,909,deception
9vYm2nB7qX8,YW_WILTY_EP52_lie5,912,916,deception
9vYm2nB7qX8,YW_WILTY_EP52_lie6,940,947,deception
9vYm2nB7qX8,YW_WILTY_EP52_lie7,1016,1021,deception
9vYm2nB7qX8,YW_WILTY_EP52_lie8,1038,1043,deception
9vYm2nB7qX8,YW_WILTY_EP52_truth7,1111,1115,truth
9vYm2nB7qX8,YW_WILTY_EP52_truth8,1149,1155,truth
9vYm2nB7qX8,YW_WILTY_EP52_truth9,1370,1373,truth
9vYm2nB7qX8,YW_WILTY_EP52_truth10,1381,1385,truth
9vYm2nB7qX8,YW_WILTY_EP52_truth11,1408,1412,truth
9vYm2nB7qX8,YW_WILTY_EP52_truth12,1527,1531,truth
bOPYvXBO7bE,YW_WILTY_EP53_truth1,115,121,truth
bOPYvXBO7bE,YW_WILTY_EP53_truth2,125,128,truth
bOPYvXBO7bE,YW_WILTY_EP53_truth3,141,146,truth
bOPYvXBO7bE,YW_WILTY_EP53_truth4,242,245,truth
bOPYvXBO7bE,YW_WILTY_EP53_truth5,472,475,truth
bOPYvXBO7bE,YW_WILTY_EP53_truth6,515,519,truth
bOPYvXBO7bE,YW_WILTY_EP53_truth7,560,563,truth
bOPYvXBO7bE,YW_WILTY_EP53_truth8,587,591,truth
bOPYvXBO7bE,YW_WILTY_EP53_lie1,665,672,deception
bOPYvXBO7bE,YW_WILTY_EP53_lie2,685,688,deception
bOPYvXBO7bE,YW_WILTY_EP53_lie3,837,841,deception
bOPYvXBO7bE,YW_WILTY_EP53_lie4,846,856,deception
bOPYvXBO7bE,YW_WILTY_EP53_truth9,863,870,truth
bOPYvXBO7bE,YW_WILTY_EP53_truth10,893,903,truth
bOPYvXBO7bE,YW_WILTY_EP53_truth11,971,975,truth
bOPYvXBO7bE,YW_WILTY_EP53_truth12,1008,1012,truth
bOPYvXBO7bE,YW_WILTY_EP53_truth13,1021,1025,truth
bOPYvXBO7bE,YW_WILTY_EP53_lie5,1060,1064,deception
bOPYvXBO7bE,YW_WILTY_EP53_lie6,1071,1074,deception
bOPYvXBO7bE,YW_WILTY_EP53_lie7,1097,1101,deception
bOPYvXBO7bE,YW_WILTY_EP53_lie8,1105,1109,deception
bOPYvXBO7bE,YW_WILTY_EP53_lie9,1112,1116,deception
bOPYvXBO7bE,YW_WILTY_EP53_lie10,1120,1125,deception
bOPYvXBO7bE,YW_WILTY_EP53_lie11,1180,1185,deception
bOPYvXBO7bE,YW_WILTY_EP53_lie12,1216,1219,deception
bOPYvXBO7bE,YW_WILTY_EP53_lie13,1236,1246,deception
bOPYvXBO7bE,YW_WILTY_EP53_truth14,1433,1437,truth
8DnDiHE1cqo,YW_WILTY_EP54_truth1,136,142,truth
8DnDiHE1cqo,YW_WILTY_EP54_truth2,189,193,truth
8DnDiHE1cqo,YW_WILTY_EP54_lie1,660,666,deception
8DnDiHE1cqo,YW_WILTY_EP54_truth3,808,814,truth
8DnDiHE1cqo,YW_WILTY_EP54_lie2,833,840,deception
8DnDiHE1cqo,YW_WILTY_EP54_truth4,862,869,truth
8DnDiHE1cqo,YW_WILTY_EP54_truth5,900,905,truth
8DnDiHE1cqo,YW_WILTY_EP54_truth6,954,957,truth
8DnDiHE1cqo,YW_WILTY_EP54_truth7,961,965,truth
8DnDiHE1cqo,YW_WILTY_EP54_truth8,967,971,truth
8DnDiHE1cqo,YW_WILTY_EP54_lie3,999,1003,deception
8DnDiHE1cqo,YW_WILTY_EP54_lie4,1019,1024,deception
8DnDiHE1cqo,YW_WILTY_EP54_lie5,1126,1130,deception
8DnDiHE1cqo,YW_WILTY_EP54_lie6,1301,1304,deception
8DnDiHE1cqo,YW_WILTY_EP54_lie7,1347,1350,deception
8DnDiHE1cqo,YW_WILTY_EP54_lie8,1371,1378,deception
m5YR12v8bMA,YW_WILTY_EP55_lie1,142,152,deception
m5YR12v8bMA,YW_WILTY_EP55_lie2,155,160,deception
m5YR12v8bMA,YW_WILTY_EP55_lie3,186,190,deception
m5YR12v8bMA,YW_WILTY_EP55_truth1,405,410,truth
m5YR12v8bMA,YW_WILTY_EP55_truth2,484,490,truth
m5YR12v8bMA,YW_WILTY_EP55_truth3,518,525,truth
m5YR12v8bMA,YW_WILTY_EP55_truth4,627,630,truth
m5YR12v8bMA,YW_WILTY_EP55_truth5,633,636,truth
m5YR12v8bMA,YW_WILTY_EP55_lie4,639,649,deception
m5YR12v8bMA,YW_WILTY_EP55_lie5,674,678,deception
m5YR12v8bMA,YW_WILTY_EP55_truth6,697,701,truth
m5YR12v8bMA,YW_WILTY_EP55_truth7,731,736,truth
m5YR12v8bMA,YW_WILTY_EP55_truth8,737,741,truth
m5YR12v8bMA,YW_WILTY_EP55_lie6,805,808,deception
m5YR12v8bMA,YW_WILTY_EP55_lie7,826,830,deception
m5YR12v8bMA,YW_WILTY_EP55_lie8,842,845,deception
m5YR12v8bMA,YW_WILTY_EP55_lie9,932,939,deception
m5YR12v8bMA,YW_WILTY_EP55_lie10,961,967,deception
m5YR12v8bMA,YW_WILTY_EP55_lie11,981,990,deception
m5YR12v8bMA,YW_WILTY_EP55_lie12,999,1006,deception
m5YR12v8bMA,YW_WILTY_EP55_lie13,1218,1222,deception
m5YR12v8bMA,YW_WILTY_EP55_lie14,1225,1229,deception
m5YR12v8bMA,YW_WILTY_EP55_lie15,1255,1262,deception
m5YR12v8bMA,YW_WILTY_EP55_lie16,1306,1314,deception
vgwUFePSlXI,YW_WILTY_EP56_lie1,146,150,deception
vgwUFePSlXI,YW_WILTY_EP56_lie2,170,177,deception
vgwUFePSlXI,YW_WILTY_EP56_lie3,357,361,deception
vgwUFePSlXI,YW_WILTY_EP56_lie4,386,389,deception
vgwUFePSlXI,YW_WILTY_EP56_lie5,402,408,deception
vgwUFePSlXI,YW_WILTY_EP56_lie6,640,644,deception
vgwUFePSlXI,YW_WILTY_EP56_lie7,652,655,deception
vgwUFePSlXI,YW_WILTY_EP56_lie8,684,688,deception
vgwUFePSlXI,YW_WILTY_EP56_lie9,709,712,deception
vgwUFePSlXI,YW_WILTY_EP56_lie10,724,728,deception
vgwUFePSlXI,YW_WILTY_EP56_lie11,732,740,deception
vgwUFePSlXI,YW_WILTY_EP56_lie12,829,833,deception
vgwUFePSlXI,YW_WILTY_EP56_lie13,921,927,deception
vgwUFePSlXI,YW_WILTY_EP56_lie14,1026,1031,deception
vgwUFePSlXI,YW_WILTY_EP56_lie15,1074,1081,deception
vgwUFePSlXI,YW_WILTY_EP56_truth1,1266,1269,truth
vgwUFePSlXI,YW_WILTY_EP56_truth2,1311,1318,truth
vgwUFePSlXI,YW_WILTY_EP56_truth3,1322,1325,truth
vgwUFePSlXI,YW_WILTY_EP56_truth4,1333,1338,truth
vgwUFePSlXI,YW_WILTY_EP56_truth5,1341,1345,truth
vgwUFePSlXI,YW_WILTY_EP56_truth6,1361,1364,truth
vgwUFePSlXI,YW_WILTY_EP56_lie16,1432,1436,deception
vgwUFePSlXI,YW_WILTY_EP56_lie17,1464,1468,deception
vgwUFePSlXI,YW_WILTY_EP56_lie18,1478,1488,deception
vgwUFePSlXI,YW_WILTY_EP56_lie19,1491,1498,deception
mkcL-pW0MYk,SB_WILTY_EP29_lie1,87,91,deception
mkcL-pW0MYk,SB_WILTY_EP29_lie2,96,103,deception
mkcL-pW0MYk,SB_WILTY_EP29_lie3,109,114,deception
mkcL-pW0MYk,SB_WILTY_EP29_lie4,121,125,deception
mkcL-pW0MYk,SB_WILTY_EP29_lie5,132,136,deception
mkcL-pW0MYk,SB_WILTY_EP29_lie6,140,144,deception
mkcL-pW0MYk,SB_WILTY_EP29_lie7,192,196,deception
mkcL-pW0MYk,SB_WILTY_EP29_truth1,221,228,truth
mkcL-pW0MYk,SB_WILTY_EP29_truth2,234,241,truth
mkcL-pW0MYk,SB_WILTY_EP29_truth3,285,291,truth
mkcL-pW0MYk,SB_WILTY_EP29_lie8,307,316,deception
mkcL-pW0MYk,SB_WILTY_EP29_lie9,321,326,deception
mkcL-pW0MYk,SB_WILTY_EP29_truth4,496,504,truth
mkcL-pW0MYk,SB_WILTY_EP29_truth5,509,513,truth
mkcL-pW0MYk,SB_WILTY_EP29_truth6,533,537,truth
mkcL-pW0MYk,SB_WILTY_EP29_truth7,555,560,truth
mkcL-pW0MYk,SB_WILTY_EP29_lie10,703,709,deception
X9LG_kwG9uQ,SB_WILTY_EP30_lie1,99,107,deception
X9LG_kwG9uQ,SB_WILTY_EP30_lie2,116,121,deception
X9LG_kwG9uQ,SB_WILTY_EP30_lie3,123,131,deception
X9LG_kwG9uQ,SB_WILTY_EP30_lie4,174,185,deception
X9LG_kwG9uQ,SB_WILTY_EP30_truth1,268,274,truth
X9LG_kwG9uQ,SB_WILTY_EP30_truth2,288,293,truth
X9LG_kwG9uQ,SB_WILTY_EP30_truth3,297,301,truth
X9LG_kwG9uQ,SB_WILTY_EP30_truth4,310,315,truth
X9LG_kwG9uQ,SB_WILTY_EP30_truth5,345,350,truth
X9LG_kwG9uQ,SB_WILTY_EP30_truth6,352,356,truth
X9LG_kwG9uQ,SB_WILTY_EP30_truth7,365,370,truth
X9LG_kwG9uQ,SB_WILTY_EP30_truth8,372,376,truth
X9LG_kwG9uQ,SB_WILTY_EP30_truth9,378,382,truth
X9LG_kwG9uQ,SB_WILTY_EP30_lie5,469,478,deception
X9LG_kwG9uQ,SB_WILTY_EP30_lie6,484,488,deception
X9LG_kwG9uQ,SB_WILTY_EP30_lie7,492,502,deception
X9LG_kwG9uQ,SB_WILTY_EP30_lie8,525,533,deception
X9LG_kwG9uQ,SB_WILTY_EP30_lie9,574,578,deception
X9LG_kwG9uQ,SB_WILTY_EP30_lie10,911,915,deception
X9LG_kwG9uQ,SB_WILTY_EP30_lie11,927,931,deception
X9LG_kwG9uQ,SB_WILTY_EP30_lie12,944,951,deception
X9LG_kwG9uQ,SB_WILTY_EP30_lie13,964,968,deception
X9LG_kwG9uQ,SB_WILTY_EP30_lie14,1031,1036,deception
X9LG_kwG9uQ,SB_WILTY_EP30_lie15,1063,1067,deception
X9LG_kwG9uQ,SB_WILTY_EP30_lie16,1071,1076,deception
X9LG_kwG9uQ,SB_WILTY_EP30_lie17,1087,1093,deception
X9LG_kwG9uQ,SB_WILTY_EP30_truth10,1122,1126,truth
X9LG_kwG9uQ,SB_WILTY_EP30_truth11,1128,1132,truth
X9LG_kwG9uQ,SB_WILTY_EP30_truth12,1141,1146,truth
X9LG_kwG9uQ,SB_WILTY_EP30_truth13,1150,1155,truth
X9LG_kwG9uQ,SB_WILTY_EP30_truth14,1244,1248,truth
X9LG_kwG9uQ,SB_WILTY_EP30_truth15,1268,1272,truth
X9LG_kwG9uQ,SB_WILTY_EP30_truth16,1275,1279,truth
X9LG_kwG9uQ,SB_WILTY_EP30_lie18,1382,1391,deception
X9LG_kwG9uQ,SB_WILTY_EP30_lie19,1400,1404,deception
X9LG_kwG9uQ,SB_WILTY_EP30_lie20,1424,1437,deception
X9LG_kwG9uQ,SB_WILTY_EP30_lie21,1484,1489,deception
X9LG_kwG9uQ,SB_WILTY_EP30_lie22,1492,1498,deception
X9LG_kwG9uQ,SB_WILTY_EP30_lie23,1528,1533,deception
X9LG_kwG9uQ,SB_WILTY_EP30_lie24,1536,1540,deception
X9LG_kwG9uQ,SB_WILTY_EP30_lie25,1556,1560,deception
X9LG_kwG9uQ,SB_WILTY_EP30_lie26,1598,1602,deception
X9LG_kwG9uQ,SB_WILTY_EP30_lie27,1605,1611,deception
8oe8NUESnpA,SB_WILTY_EP31_lie1,103,110,deception
8oe8NUESnpA,SB_WILTY_EP31_lie2,119,127,deception
8oe8NUESnpA,SB_WILTY_EP31_lie3,129,135,deception
8oe8NUESnpA,SB_WILTY_EP31_lie4,167,172,deception
8oe8NUESnpA,SB_WILTY_EP31_truth1,279,288,truth
8oe8NUESnpA,SB_WILTY_EP31_truth2,305,312,truth
8oe8NUESnpA,SB_WILTY_EP31_truth3,320,324,truth
8oe8NUESnpA,SB_WILTY_EP31_truth4,337,346,truth
8oe8NUESnpA,SB_WILTY_EP31_truth5,437,444,truth
8oe8NUESnpA,SB_WILTY_EP31_truth6,518,524,truth
8oe8NUESnpA,SB_WILTY_EP31_truth7,636,644,truth
8oe8NUESnpA,SB_WILTY_EP31_lie5,781,788,deception
8oe8NUESnpA,SB_WILTY_EP31_truth8,795,802,truth
8oe8NUESnpA,SB_WILTY_EP31_lie6,811,820,deception
8oe8NUESnpA,SB_WILTY_EP31_lie7,835,841,deception
Ipb8dXlJqO4,SB_WILTY_EP32_lie1,3,8,deception
Ipb8dXlJqO4,SB_WILTY_EP32_lie2,19,24,deception
Ipb8dXlJqO4,SB_WILTY_EP32_lie3,29,34,deception
Ipb8dXlJqO4,SB_WILTY_EP32_lie4,48,52,deception
Ipb8dXlJqO4,SB_WILTY_EP32_lie5,65,70,deception
Ipb8dXlJqO4,SB_WILTY_EP32_truth1,89,93,truth
Ipb8dXlJqO4,SB_WILTY_EP32_truth2,124,131,truth
Ipb8dXlJqO4,SB_WILTY_EP32_truth3,135,144,truth
Ipb8dXlJqO4,SB_WILTY_EP32_lie6,170,175,deception
Ipb8dXlJqO4,SB_WILTY_EP32_lie7,199,206,deception
Ipb8dXlJqO4,SB_WILTY_EP32_lie8,425,429,deception
Ipb8dXlJqO4,SB_WILTY_EP32_lie9,437,442,deception
Ipb8dXlJqO4,SB_WILTY_EP32_lie10,447,454,deception
Ipb8dXlJqO4,SB_WILTY_EP32_lie11,467,471,deception
Ipb8dXlJqO4,SB_WILTY_EP32_lie12,500,506,deception
Ipb8dXlJqO4,SB_WILTY_EP32_lie13,528,535,deception
Ipb8dXlJqO4,SB_WILTY_EP32_lie14,574,580,deception
Ipb8dXlJqO4,SB_WILTY_EP32_lie15,672,681,deception
Ipb8dXlJqO4,SB_WILTY_EP32_lie16,753,757,deception
Ipb8dXlJqO4,SB_WILTY_EP32_lie17,767,771,deception
fWWJWsjclaQ,SB_WILTY_EP33_lie1,108,119,deception
fWWJWsjclaQ,SB_WILTY_EP33_lie2,145,152,deception
fWWJWsjclaQ,SB_WILTY_EP33_lie3,337,343,deception
fWWJWsjclaQ,SB_WILTY_EP33_lie4,429,435,deception
fWWJWsjclaQ,SB_WILTY_EP33_lie5,444,458,deception
fWWJWsjclaQ,SB_WILTY_EP33_truth1,689,696,truth
fWWJWsjclaQ,SB_WILTY_EP33_truth2,700,704,truth
fWWJWsjclaQ,SB_WILTY_EP33_truth3,709,715,truth
fWWJWsjclaQ,SB_WILTY_EP33_truth4,726,730,truth
fWWJWsjclaQ,SB_WILTY_EP33_truth5,759,763,truth
fWWJWsjclaQ,SB_WILTY_EP33_truth6,793,797,truth
YoegsEq9se0,SB_WILTY_EP34_lie1,43,51,deception
YoegsEq9se0,SB_WILTY_EP34_lie2,74,81,deception
YoegsEq9se0,SB_WILTY_EP34_lie3,91,95,deception
YoegsEq9se0,SB_WILTY_EP34_lie4,131,137,deception
YoegsEq9se0,SB_WILTY_EP34_lie5,146,150,deception
YoegsEq9se0,SB_WILTY_EP34_lie6,195,200,deception
YoegsEq9se0,SB_WILTY_EP34_lie7,224,229,deception
YoegsEq9se0,SB_WILTY_EP34_lie8,236,255,deception
YoegsEq9se0,SB_WILTY_EP34_lie9,275,284,deception
YoegsEq9se0,SB_WILTY_EP34_lie10,287,291,deception
YoegsEq9se0,SB_WILTY_EP34_truth1,335,345,truth
YoegsEq9se0,SB_WILTY_EP34_truth2,363,371,truth
YoegsEq9se0,SB_WILTY_EP34_lie11,581,585,deception
YoegsEq9se0,SB_WILTY_EP34_lie12,592,596,deception
YoegsEq9se0,SB_WILTY_EP34_truth3,666,674,truth
YoegsEq9se0,SB_WILTY_EP34_truth4,750,755,truth
YoegsEq9se0,SB_WILTY_EP34_truth5,768,779,truth
hS8BsP3sRf4,SB_WILTY_EP35_truth1,118,122,truth
hS8BsP3sRf4,SB_WILTY_EP35_truth2,134,138,truth
hS8BsP3sRf4,SB_WILTY_EP35_truth3,142,146,truth
hS8BsP3sRf4,SB_WILTY_EP35_truth4,200,204,truth
hS8BsP3sRf4,SB_WILTY_EP35_lie1,332,339,deception
hS8BsP3sRf4,SB_WILTY_EP35_lie2,344,349,deception
hS8BsP3sRf4,SB_WILTY_EP35_lie3,384,389,deception
hS8BsP3sRf4,SB_WILTY_EP35_lie4,432,437,deception
hS8BsP3sRf4,SB_WILTY_EP35_truth5,519,523,truth
hS8BsP3sRf4,SB_WILTY_EP35_truth6,533,538,truth
hS8BsP3sRf4,SB_WILTY_EP35_truth7,541,548,truth
hS8BsP3sRf4,SB_WILTY_EP35_truth8,565,571,truth
hS8BsP3sRf4,SB_WILTY_EP35_truth9,577,586,truth
hS8BsP3sRf4,SB_WILTY_EP35_truth10,588,596,truth
hS8BsP3sRf4,SB_WILTY_EP35_truth11,658,664,truth
hS8BsP3sRf4,SB_WILTY_EP35_lie5,707,712,deception
hS8BsP3sRf4,SB_WILTY_EP35_lie6,725,729,deception
hS8BsP3sRf4,SB_WILTY_EP35_lie7,732,736,deception
hS8BsP3sRf4,SB_WILTY_EP35_lie8,772,777,deception
OfRZO8-H-Sg,SB_WILTY_EP36_lie1,26,34,deception
OfRZO8-H-Sg,SB_WILTY_EP36_truth1,40,45,truth
OfRZO8-H-Sg,SB_WILTY_EP36_lie2,49,55,deception
OfRZO8-H-Sg,SB_WILTY_EP36_lie3,66,74,deception
OfRZO8-H-Sg,SB_WILTY_EP36_lie4,82,88,deception
OfRZO8-H-Sg,SB_WILTY_EP36_lie5,108,112,deception
OfRZO8-H-Sg,SB_WILTY_EP36_truth2,163,172,truth
OfRZO8-H-Sg,SB_WILTY_EP36_lie6,235,243,deception
OfRZO8-H-Sg,SB_WILTY_EP36_lie7,255,259,deception
OfRZO8-H-Sg,SB_WILTY_EP36_lie8,303,311,deception
OfRZO8-H-Sg,SB_WILTY_EP36_lie9,318,322,deception
OfRZO8-H-Sg,SB_WILTY_EP36_truth3,443,450,truth
OfRZO8-H-Sg,SB_WILTY_EP36_truth4,463,473,truth
OfRZO8-H-Sg,SB_WILTY_EP36_truth5,515,520,truth
OfRZO8-H-Sg,SB_WILTY_EP36_truth6,522,528,truth
loPuU_k3FT0,SB_WILTY_EP37_lie1,101,108,deception
loPuU_k3FT0,SB_WILTY_EP37_lie2,127,132,deception
loPuU_k3FT0,SB_WILTY_EP37_lie3,185,191,deception
loPuU_k3FT0,SB_WILTY_EP37_lie4,195,201,deception
loPuU_k3FT0,SB_WILTY_EP37_lie5,216,221,deception
loPuU_k3FT0,SB_WILTY_EP37_lie6,223,230,deception
loPuU_k3FT0,SB_WILTY_EP37_truth1,299,303,truth
loPuU_k3FT0,SB_WILTY_EP37_truth2,306,313,truth
loPuU_k3FT0,SB_WILTY_EP37_truth3,321,325,truth
loPuU_k3FT0,SB_WILTY_EP37_truth4,334,342,truth
loPuU_k3FT0,SB_WILTY_EP37_truth5,357,361,truth
loPuU_k3FT0,SB_WILTY_EP37_truth6,376,380,truth
loPuU_k3FT0,SB_WILTY_EP37_truth7,491,495,truth
loPuU_k3FT0,SB_WILTY_EP37_truth8,581,586,truth
loPuU_k3FT0,SB_WILTY_EP37_truth9,602,610,truth
loPuU_k3FT0,SB_WILTY_EP37_truth10,617,621,truth
loPuU_k3FT0,SB_WILTY_EP37_truth11,627,634,truth
loPuU_k3FT0,SB_WILTY_EP37_truth12,636,643,truth
loPuU_k3FT0,SB_WILTY_EP37_truth13,666,678,truth
loPuU_k3FT0,SB_WILTY_EP37_truth14,759,767,truth
loPuU_k3FT0,SB_WILTY_EP37_lie7,771,778,deception
loPuU_k3FT0,SB_WILTY_EP37_lie8,787,791,deception
NY3AyfzPJ1s,SB_WILTY_EP38_lie1,33,40,deception
NY3AyfzPJ1s,SB_WILTY_EP38_lie2,87,92,deception
NY3AyfzPJ1s,SB_WILTY_EP38_truth1,139,144,truth
NY3AyfzPJ1s,SB_WILTY_EP38_truth2,213,220,truth
NY3AyfzPJ1s,SB_WILTY_EP38_truth3,405,419,truth
NY3AyfzPJ1s,SB_WILTY_EP38_lie3,539,543,deception
NY3AyfzPJ1s,SB_WILTY_EP38_lie4,550,562,deception
NY3AyfzPJ1s,SB_WILTY_EP38_lie5,631,642,deception
NY3AyfzPJ1s,SB_WILTY_EP38_lie6,702,708,deception
HpM8HbO6KVQ,SB_WILTY_EP39_lie1,72,79,deception
HpM8HbO6KVQ,SB_WILTY_EP39_lie2,109,115,deception
HpM8HbO6KVQ,SB_WILTY_EP39_lie3,129,135,deception
HpM8HbO6KVQ,SB_WILTY_EP39_lie4,137,141,deception
HpM8HbO6KVQ,SB_WILTY_EP39_lie5,159,164,deception
HpM8HbO6KVQ,SB_WILTY_EP39_lie6,177,181,deception
HpM8HbO6KVQ,SB_WILTY_EP39_lie7,205,209,deception
HpM8HbO6KVQ,SB_WILTY_EP39_truth1,345,350,truth
HpM8HbO6KVQ,SB_WILTY_EP39_truth2,366,374,truth
HpM8HbO6KVQ,SB_WILTY_EP39_truth3,376,381,truth
HpM8HbO6KVQ,SB_WILTY_EP39_truth4,416,422,truth
HpM8HbO6KVQ,SB_WILTY_EP39_truth5,424,429,truth
7aahLFGgU4s,SB_WILTY_EP40_lie1,17,24,deception
7aahLFGgU4s,SB_WILTY_EP40_lie2,46,54,deception
7aahLFGgU4s,SB_WILTY_EP40_lie3,56,60,deception
7aahLFGgU4s,SB_WILTY_EP40_lie4,83,96,deception
7aahLFGgU4s,SB_WILTY_EP40_truth1,156,163,truth
7aahLFGgU4s,SB_WILTY_EP40_truth2,174,183,truth
7aahLFGgU4s,SB_WILTY_EP40_truth3,191,200,truth
7aahLFGgU4s,SB_WILTY_EP40_lie5,385,389,deception
7aahLFGgU4s,SB_WILTY_EP40_lie6,407,414,deception
7aahLFGgU4s,SB_WILTY_EP40_lie7,425,429,deception
7aahLFGgU4s,SB_WILTY_EP40_lie8,489,498,deception
7aahLFGgU4s,SB_WILTY_EP40_lie9,513,519,deception
7aahLFGgU4s,SB_WILTY_EP40_lie10,583,590,deception
7aahLFGgU4s,SB_WILTY_EP40_lie11,633,637,deception
paKvWxTNl_w,SB_WILTY_EP41_lie1,113,117,deception
paKvWxTNl_w,SB_WILTY_EP41_lie2,182,187,deception
paKvWxTNl_w,SB_WILTY_EP41_lie3,224,232,deception
paKvWxTNl_w,SB_WILTY_EP41_lie4,235,242,deception
paKvWxTNl_w,SB_WILTY_EP41_truth1,345,354,truth
paKvWxTNl_w,SB_WILTY_EP41_truth2,427,431,truth
paKvWxTNl_w,SB_WILTY_EP41_truth3,663,670,truth
paKvWxTNl_w,SB_WILTY_EP41_lie5,676,684,deception
paKvWxTNl_w,SB_WILTY_EP41_lie6,693,698,deception
paKvWxTNl_w,SB_WILTY_EP41_truth4,719,726,truth
paKvWxTNl_w,SB_WILTY_EP41_truth5,809,813,truth
paKvWxTNl_w,SB_WILTY_EP41_lie7,856,862,deception
paKvWxTNl_w,SB_WILTY_EP41_lie8,889,895,deception
paKvWxTNl_w,SB_WILTY_EP41_lie9,926,932,deception
paKvWxTNl_w,SB_WILTY_EP41_lie10,959,963,deception
paKvWxTNl_w,SB_WILTY_EP41_lie11,981,991,deception
paKvWxTNl_w,SB_WILTY_EP41_lie12,1021,1029,deception
paKvWxTNl_w,SB_WILTY_EP41_lie13,1169,1173,deception
paKvWxTNl_w,SB_WILTY_EP41_lie14,1254,1259,deception
paKvWxTNl_w,SB_WILTY_EP41_lie15,1335,1343,deception
WY76L0DtaIU,SB_WILTY_EP42_truth1,98,106,truth
WY76L0DtaIU,SB_WILTY_EP42_truth2,133,137,truth
WY76L0DtaIU,SB_WILTY_EP42_truth3,141,148,truth
WY76L0DtaIU,SB_WILTY_EP42_lie1,271,278,deception
WY76L0DtaIU,SB_WILTY_EP42_lie2,297,304,deception
WY76L0DtaIU,SB_WILTY_EP42_lie3,387,391,deception
WY76L0DtaIU,SB_WILTY_EP42_truth4,448,452,truth
WY76L0DtaIU,SB_WILTY_EP42_truth5,460,465,truth
WY76L0DtaIU,SB_WILTY_EP42_truth6,476,480,truth
WY76L0DtaIU,SB_WILTY_EP42_truth7,483,487,truth
WY76L0DtaIU,SB_WILTY_EP42_truth8,512,517,truth
WY76L0DtaIU,SB_WILTY_EP42_truth9,522,528,truth
WY76L0DtaIU,SB_WILTY_EP42_truth10,559,563,truth
WY76L0DtaIU,SB_WILTY_EP42_truth11,598,602,truth
WY76L0DtaIU,SB_WILTY_EP42_truth12,738,746,truth
WY76L0DtaIU,SB_WILTY_EP42_lie4,753,760,deception
WY76L0DtaIU,SB_WILTY_EP42_lie5,767,775,deception
WY76L0DtaIU,SB_WILTY_EP42_lie6,802,811,deception
WY76L0DtaIU,SB_WILTY_EP42_lie7,816,820,deception
WY76L0DtaIU,SB_WILTY_EP42_lie8,823,828,deception
WY76L0DtaIU,SB_WILTY_EP42_truth13,944,948,truth
WY76L0DtaIU,SB_WILTY_EP42_truth14,978,990,truth
WY76L0DtaIU,SB_WILTY_EP42_lie9,1034,1045,deception
WY76L0DtaIU,SB_WILTY_EP42_lie10,1097,1105,deception
WY76L0DtaIU,SB_WILTY_EP42_truth15,1263,1269,truth
WY76L0DtaIU,SB_WILTY_EP42_truth16,1301,1305,truth
WY76L0DtaIU,SB_WILTY_EP42_truth17,1333,1337,truth
WY76L0DtaIU,SB_WILTY_EP42_truth18,1352,1357,truth
WY76L0DtaIU,SB_WILTY_EP42_lie11,1407,1415,deception
WY76L0DtaIU,SB_WILTY_EP42_lie12,1437,1446,deception
WY76L0DtaIU,SB_WILTY_EP42_lie13,1449,1453,deception
WY76L0DtaIU,SB_WILTY_EP42_lie14,1457,1461,deception
WY76L0DtaIU,SB_WILTY_EP42_lie15,1523,1539,deception
WY76L0DtaIU,SB_WILTY_EP42_lie16,1552,1556,deception
WY76L0DtaIU,SB_WILTY_EP42_lie17,1559,1563,deception
WY76L0DtaIU,SB_WILTY_EP42_lie18,1596,1601,deception
WY76L0DtaIU,SB_WILTY_EP42_lie19,1622,1626,deception
d4QYhPWCC4M,LS_WILTY_EP1_truth1,108,113,truth
d4QYhPWCC4M,LS_WILTY_EP1_truth2,151,154,truth
d4QYhPWCC4M,LS_WILTY_EP1_truth3,254,259,truth
d4QYhPWCC4M,LS_WILTY_EP1_truth4,273,276,truth
d4QYhPWCC4M,LS_WILTY_EP1_truth5,346,351,truth
d4QYhPWCC4M,LS_WILTY_EP1_lie1,399,403,deception
d4QYhPWCC4M,LS_WILTY_EP1_lie2,436,441,deception
d4QYhPWCC4M,LS_WILTY_EP1_lie3,443,448,deception
d4QYhPWCC4M,LS_WILTY_EP1_lie4,846,850,deception
d4QYhPWCC4M,LS_WILTY_EP1_lie5,866,872,deception
d4QYhPWCC4M,LS_WILTY_EP1_lie6,944,951,deception
d4QYhPWCC4M,LS_WILTY_EP1_lie7,998,1003,deception
d4QYhPWCC4M,LS_WILTY_EP1_lie8,1148,1158,deception
d4QYhPWCC4M,LS_WILTY_EP1_truth6,1387,1394,truth
d4QYhPWCC4M,LS_WILTY_EP1_truth7,1413,1418,truth
d4QYhPWCC4M,LS_WILTY_EP1_lie9,1470,1474,deception
d4QYhPWCC4M,LS_WILTY_EP1_truth8,1555,1558,truth
ql3yoGIBlOw,LS_WILTY_EP2_truth1,123,128,truth
ql3yoGIBlOw,LS_WILTY_EP2_lie1,390,394,deception
ql3yoGIBlOw,LS_WILTY_EP2_lie2,407,411,deception
ql3yoGIBlOw,LS_WILTY_EP2_lie3,868,872,deception
ql3yoGIBlOw,LS_WILTY_EP2_truth2,879,884,truth
ql3yoGIBlOw,LS_WILTY_EP2_lie4,892,896,deception
ql3yoGIBlOw,LS_WILTY_EP2_lie5,924,928,deception
ql3yoGIBlOw,LS_WILTY_EP2_lie6,985,993,deception
ql3yoGIBlOw,LS_WILTY_EP2_truth3,1050,1054,truth
ql3yoGIBlOw,LS_WILTY_EP2_truth4,1065,1068,truth
ql3yoGIBlOw,LS_WILTY_EP2_lie7,1269,1279,deception
ql3yoGIBlOw,LS_WILTY_EP2_truth5,1418,1423,truth
ql3yoGIBlOw,LS_WILTY_EP2_truth6,1436,1440,truth
ql3yoGIBlOw,LS_WILTY_EP2_truth7,1443,1450,truth
ql3yoGIBlOw,LS_WILTY_EP2_truth8,1452,1456,truth
ql3yoGIBlOw,LS_WILTY_EP2_lie8,1503,1508,deception
ql3yoGIBlOw,LS_WILTY_EP2_lie9,1514,1520,deception
ql3yoGIBlOw,LS_WILTY_EP2_lie10,1589,1594,deception
ql3yoGIBlOw,LS_WILTY_EP2_lie11,1600,1605,deception
x1aSCd2T13o,LS_WILTY_EP3_truth1,150,154,truth
x1aSCd2T13o,LS_WILTY_EP3_truth2,255,261,truth
x1aSCd2T13o,LS_WILTY_EP3_truth3,266,270,truth
x1aSCd2T13o,LS_WILTY_EP3_truth4,272,277,truth
x1aSCd2T13o,LS_WILTY_EP3_truth5,300,305,truth
x1aSCd2T13o,LS_WILTY_EP3_truth6,323,331,truth
x1aSCd2T13o,LS_WILTY_EP3_lie1,404,408,deception
x1aSCd2T13o,LS_WILTY_EP3_lie2,419,422,deception
x1aSCd2T13o,LS_WILTY_EP3_lie3,430,435,deception
x1aSCd2T13o,LS_WILTY_EP3_lie4,461,465,deception
x1aSCd2T13o,LS_WILTY_EP3_lie5,975,983,deception
x1aSCd2T13o,LS_WILTY_EP3_lie6,1151,1155,deception
x1aSCd2T13o,LS_WILTY_EP3_lie7,1229,1234,deception
x1aSCd2T13o,LS_WILTY_EP3_truth7,1258,1261,truth
x1aSCd2T13o,LS_WILTY_EP3_lie8,1350,1357,deception
x1aSCd2T13o,LS_WILTY_EP3_lie9,1367,1372,deception
x1aSCd2T13o,LS_WILTY_EP3_lie10,1383,1387,deception
x1aSCd2T13o,LS_WILTY_EP3_lie11,1495,1500,deception
x1aSCd2T13o,LS_WILTY_EP3_lie12,1515,1521,deception
x1aSCd2T13o,LS_WILTY_EP3_lie13,1523,1529,deception
x1aSCd2T13o,LS_WILTY_EP3_lie14,1576,1584,deception
tEYiXt-gw-g,LS_WILTY_EP4_lie1,119,124,deception
tEYiXt-gw-g,LS_WILTY_EP4_lie2,173,178,deception
tEYiXt-gw-g,LS_WILTY_EP4_lie3,255,259,deception
tEYiXt-gw-g,LS_WILTY_EP4_truth1,371,376,truth
tEYiXt-gw-g,LS_WILTY_EP4_truth2,464,473,truth
tEYiXt-gw-g,LS_WILTY_EP4_truth3,752,757,truth
tEYiXt-gw-g,LS_WILTY_EP4_lie4,760,766,deception
tEYiXt-gw-g,LS_WILTY_EP4_lie5,781,785,deception
tEYiXt-gw-g,LS_WILTY_EP4_lie6,797,802,deception
tEYiXt-gw-g,LS_WILTY_EP4_lie7,854,860,deception
tEYiXt-gw-g,LS_WILTY_EP4_lie8,868,873,deception
tEYiXt-gw-g,LS_WILTY_EP4_lie9,876,881,deception
tEYiXt-gw-g,LS_WILTY_EP4_truth4,894,897,truth
tEYiXt-gw-g,LS_WILTY_EP4_truth5,918,921,truth
tEYiXt-gw-g,LS_WILTY_EP4_truth6,1098,1106,truth
tEYiXt-gw-g,LS_WILTY_EP4_truth7,1260,1263,truth
tEYiXt-gw-g,LS_WILTY_EP4_truth8,1290,1293,truth
tEYiXt-gw-g,LS_WILTY_EP4_truth9,1295,1299,truth
tEYiXt-gw-g,LS_WILTY_EP4_truth10,1342,1349,truth
tEYiXt-gw-g,LS_WILTY_EP4_truth11,1369,1373,truth
tEYiXt-gw-g,LS_WILTY_EP4_lie10,1422,1428,deception
tEYiXt-gw-g,LS_WILTY_EP4_lie11,1434,1438,deception
tEYiXt-gw-g,LS_WILTY_EP4_lie12,1442,1447,deception
tEYiXt-gw-g,LS_WILTY_EP4_lie13,1456,1460,deception
tEYiXt-gw-g,LS_WILTY_EP4_lie14,1470,1474,deception
tEYiXt-gw-g,LS_WILTY_EP4_lie15,1496,1501,deception
tEYiXt-gw-g,LS_WILTY_EP4_lie16,1614,1620,deception
n4O2BqU4Gug,LS_WILTY_EP5_truth1,140,145,truth
n4O2BqU4Gug,LS_WILTY_EP5_truth2,174,178,truth
n4O2BqU4Gug,LS_WILTY_EP5_truth3,184,187,truth
n4O2BqU4Gug,LS_WILTY_EP5_truth4,218,222,truth
n4O2BqU4Gug,LS_WILTY_EP5_truth5,262,266,truth
n4O2BqU4Gug,LS_WILTY_EP5_truth6,283,287,truth
n4O2BqU4Gug,LS_WILTY_EP5_truth7,288,293,truth
n4O2BqU4Gug,LS_WILTY_EP5_truth8,297,302,truth
n4O2BqU4Gug,LS_WILTY_EP5_lie1,375,378,deception
n4O2BqU4Gug,LS_WILTY_EP5_lie2,408,414,deception
n4O2BqU4Gug,LS_WILTY_EP5_lie3,432,437,deception
n4O2BqU4Gug,LS_WILTY_EP5_lie4,544,548,deception
n4O2BqU4Gug,LS_WILTY_EP5_lie5,736,740,deception
n4O2BqU4Gug,LS_WILTY_EP5_truth9,778,783,truth
n4O2BqU4Gug,LS_WILTY_EP5_lie6,1143,1148,deception
n4O2BqU4Gug,LS_WILTY_EP5_truth10,1317,1325,truth
n4O2BqU4Gug,LS_WILTY_EP5_truth11,1422,1426,truth
n4O2BqU4Gug,LS_WILTY_EP5_truth12,1478,1482,truth
n4O2BqU4Gug,LS_WILTY_EP5_truth13,1490,1493,truth
n4O2BqU4Gug,LS_WILTY_EP5_lie7,1530,1534,deception
n4O2BqU4Gug,LS_WILTY_EP5_truth14,1593,1597,truth
n4O2BqU4Gug,LS_WILTY_EP5_lie8,1652,1655,deception
Svljl0kN2HE,LS_WILTY_EP6_truth1,122,125,truth
Svljl0kN2HE,LS_WILTY_EP6_truth2,132,137,truth
Svljl0kN2HE,LS_WILTY_EP6_truth3,168,171,truth
Svljl0kN2HE,LS_WILTY_EP6_truth4,178,184,truth
Svljl0kN2HE,LS_WILTY_EP6_truth5,191,196,truth
Svljl0kN2HE,LS_WILTY_EP6_lie1,279,284,deception
Svljl0kN2HE,LS_WILTY_EP6_lie2,727,731,deception
Svljl0kN2HE,LS_WILTY_EP6_lie3,733,737,deception
Svljl0kN2HE,LS_WILTY_EP6_truth6,745,749,truth
Svljl0kN2HE,LS_WILTY_EP6_lie4,762,766,deception
Svljl0kN2HE,LS_WILTY_EP6_lie5,781,785,deception
Svljl0kN2HE,LS_WILTY_EP6_truth7,1121,1129,truth
Svljl0kN2HE,LS_WILTY_EP6_truth8,1137,1142,truth
Svljl0kN2HE,LS_WILTY_EP6_lie6,1346,1352,deception
Svljl0kN2HE,LS_WILTY_EP6_lie7,1438,1443,deception
Svljl0kN2HE,LS_WILTY_EP6_truth9,1577,1580,truth
Svljl0kN2HE,LS_WILTY_EP6_truth10,1586,1593,truth
Svljl0kN2HE,LS_WILTY_EP6_truth11,1619,1622,truth
E8DlNckBUFQ,LS_WILTY_EP7_truth1,114,118,truth
E8DlNckBUFQ,LS_WILTY_EP7_truth2,155,158,truth
E8DlNckBUFQ,LS_WILTY_EP7_lie1,237,241,deception
E8DlNckBUFQ,LS_WILTY_EP7_lie2,242,245,deception
E8DlNckBUFQ,LS_WILTY_EP7_lie3,299,304,deception
E8DlNckBUFQ,LS_WILTY_EP7_lie4,413,417,deception
E8DlNckBUFQ,LS_WILTY_EP7_lie5,435,440,deception
E8DlNckBUFQ,LS_WILTY_EP7_lie6,478,482,deception
E8DlNckBUFQ,LS_WILTY_EP7_lie7,951,958,deception
E8DlNckBUFQ,LS_WILTY_EP7_truth3,963,969,truth
E8DlNckBUFQ,LS_WILTY_EP7_lie8,973,979,deception
E8DlNckBUFQ,LS_WILTY_EP7_truth4,990,993,truth
E8DlNckBUFQ,LS_WILTY_EP7_truth5,997,1001,truth
E8DlNckBUFQ,LS_WILTY_EP7_lie9,1117,1122,deception
E8DlNckBUFQ,LS_WILTY_EP7_lie10,1147,1151,deception
E8DlNckBUFQ,LS_WILTY_EP7_lie11,1163,1168,deception
E8DlNckBUFQ,LS_WILTY_EP7_lie12,1173,1176,deception
E8DlNckBUFQ,LS_WILTY_EP7_lie13,1191,1199,deception
E8DlNckBUFQ,LS_WILTY_EP7_truth6,1214,1219,deception
E8DlNckBUFQ,LS_WILTY_EP7_truth7,1333,1338,truth
E8DlNckBUFQ,LS_WILTY_EP7_truth8,1358,1361,truth
E8DlNckBUFQ,LS_WILTY_EP7_truth9,1365,1370,truth
E8DlNckBUFQ,LS_WILTY_EP7_truth10,1449,1453,truth
E8DlNckBUFQ,LS_WILTY_EP7_truth11,1532,1537,truth
E8DlNckBUFQ,LS_WILTY_EP7_truth12,1607,1611,truth
E8DlNckBUFQ,LS_WILTY_EP7_truth13,1616,1619,truth
TnL8Ulfl9aM,LS_WILTY_EP8_lie1,121,127,deception
TnL8Ulfl9aM,LS_WILTY_EP8_lie2,190,193,deception
TnL8Ulfl9aM,LS_WILTY_EP8_lie3,269,275,deception
TnL8Ulfl9aM,LS_WILTY_EP8_lie4,286,291,deception
TnL8Ulfl9aM,LS_WILTY_EP8_lie5,329,334,deception
TnL8Ulfl9aM,LS_WILTY_EP8_truth1,441,445,truth
TnL8Ulfl9aM,LS_WILTY_EP8_truth2,493,496,truth
TnL8Ulfl9aM,LS_WILTY_EP8_truth3,910,914,truth
TnL8Ulfl9aM,LS_WILTY_EP8_lie6,941,945,deception
TnL8Ulfl9aM,LS_WILTY_EP8_truth4,1006,1010,truth
TnL8Ulfl9aM,LS_WILTY_EP8_lie7,1040,1043,deception
TnL8Ulfl9aM,LS_WILTY_EP8_lie8,1064,1068,deception
TnL8Ulfl9aM,LS_WILTY_EP8_lie9,1098,1101,deception
TnL8Ulfl9aM,LS_WILTY_EP8_lie10,1114,1118,deception
TnL8Ulfl9aM,LS_WILTY_EP8_lie11,1122,1126,deception
TnL8Ulfl9aM,LS_WILTY_EP8_lie12,1301,1304,deception
TnL8Ulfl9aM,LS_WILTY_EP8_lie13,1457,1460,deception
TnL8Ulfl9aM,LS_WILTY_EP8_lie14,1523,1526,deception
UjeLRqCA53Q,LS_WILTY_EP9_lie1,131,136,deception
UjeLRqCA53Q,LS_WILTY_EP9_lie2,149,152,deception
UjeLRqCA53Q,LS_WILTY_EP9_lie3,155,158,deception
UjeLRqCA53Q,LS_WILTY_EP9_lie4,193,196,deception
UjeLRqCA53Q,LS_WILTY_EP9_lie5,281,285,deception
UjeLRqCA53Q,LS_WILTY_EP9_lie6,294,298,deception
UjeLRqCA53Q,LS_WILTY_EP9_lie7,360,364,deception
UjeLRqCA53Q,LS_WILTY_EP9_truth1,503,507,truth
UjeLRqCA53Q,LS_WILTY_EP9_truth2,514,517,truth
UjeLRqCA53Q,LS_WILTY_EP9_truth3,550,555,truth
UjeLRqCA53Q,LS_WILTY_EP9_truth4,564,569,truth
UjeLRqCA53Q,LS_WILTY_EP9_truth5,572,578,truth
UjeLRqCA53Q,LS_WILTY_EP9_truth6,908,915,truth
UjeLRqCA53Q,LS_WILTY_EP9_lie8,919,925,deception
UjeLRqCA53Q,LS_WILTY_EP9_truth7,981,985,truth
UjeLRqCA53Q,LS_WILTY_EP9_truth8,993,996,truth
UjeLRqCA53Q,LS_WILTY_EP9_lie9,1032,1037,deception
UjeLRqCA53Q,LS_WILTY_EP9_lie10,1061,1065,deception
UjeLRqCA53Q,LS_WILTY_EP9_lie11,1077,1084,deception
UjeLRqCA53Q,LS_WILTY_EP9_lie12,1091,1095,deception
UjeLRqCA53Q,LS_WILTY_EP9_lie13,1132,1135,deception
UjeLRqCA53Q,LS_WILTY_EP9_lie14,1137,1141,deception
UjeLRqCA53Q,LS_WILTY_EP9_lie15,1144,1148,deception
UjeLRqCA53Q,LS_WILTY_EP9_lie16,1156,1160,deception
UjeLRqCA53Q,LS_WILTY_EP9_lie17,1164,1169,deception
UjeLRqCA53Q,LS_WILTY_EP9_lie18,1338,1341,deception
UjeLRqCA53Q,LS_WILTY_EP9_lie19,1381,1384,deception
UjeLRqCA53Q,LS_WILTY_EP9_truth9,1431,1435,truth
UjeLRqCA53Q,LS_WILTY_EP9_truth10,1532,1536,truth
UjeLRqCA53Q,LS_WILTY_EP9_lie20,1569,1574,deception
UjeLRqCA53Q,LS_WILTY_EP9_lie21,1598,1601,deception
gslBhWkBAlk,LS_WILTY_EP10_truth1,119,124,truth
gslBhWkBAlk,LS_WILTY_EP10_truth2,132,135,truth
gslBhWkBAlk,LS_WILTY_EP10_truth3,139,144,truth
gslBhWkBAlk,LS_WILTY_EP10_truth4,155,159,truth
gslBhWkBAlk,LS_WILTY_EP10_lie1,265,270,deception
gslBhWkBAlk,LS_WILTY_EP10_lie2,295,300,deception
gslBhWkBAlk,LS_WILTY_EP10_lie3,308,311,deception
gslBhWkBAlk,LS_WILTY_EP10_lie4,332,336,deception
gslBhWkBAlk,LS_WILTY_EP10_lie5,541,545,deception
gslBhWkBAlk,LS_WILTY_EP10_lie6,956,959,deception
gslBhWkBAlk,LS_WILTY_EP10_lie7,982,986,deception
gslBhWkBAlk,LS_WILTY_EP10_lie8,989,995,deception
gslBhWkBAlk,LS_WILTY_EP10_lie9,998,1004,deception
gslBhWkBAlk,LS_WILTY_EP10_truth5,1022,1027,truth
gslBhWkBAlk,LS_WILTY_EP10_truth6,1035,1041,truth
gslBhWkBAlk,LS_WILTY_EP10_lie10,1103,1106,deception
gslBhWkBAlk,LS_WILTY_EP10_lie11,1110,1115,deception
gslBhWkBAlk,LS_WILTY_EP10_truth7,1292,1295,truth
gslBhWkBAlk,LS_WILTY_EP10_truth8,1297,1301,truth
gslBhWkBAlk,LS_WILTY_EP10_truth9,1325,1328,truth
gslBhWkBAlk,LS_WILTY_EP10_lie12,1405,1410,deception
gslBhWkBAlk,LS_WILTY_EP10_lie13,1457,1461,deception
gslBhWkBAlk,LS_WILTY_EP10_lie14,1542,1545,deception
gslBhWkBAlk,LS_WILTY_EP10_lie15,1571,1575,deception
4vSoZTZ2Oqs,LS_WILTY_EP11_lie1,109,114,deception
4vSoZTZ2Oqs,LS_WILTY_EP11_truth1,244,250,truth
4vSoZTZ2Oqs,LS_WILTY_EP11_truth2,254,258,truth
4vSoZTZ2Oqs,LS_WILTY_EP11_truth3,267,272,truth
4vSoZTZ2Oqs,LS_WILTY_EP11_truth4,321,325,truth
4vSoZTZ2Oqs,LS_WILTY_EP11_truth5,335,338,truth
4vSoZTZ2Oqs,LS_WILTY_EP11_lie2,397,404,deception
4vSoZTZ2Oqs,LS_WILTY_EP11_lie3,414,420,deception
4vSoZTZ2Oqs,LS_WILTY_EP11_lie4,480,484,deception
4vSoZTZ2Oqs,LS_WILTY_EP11_lie5,497,500,deception
4vSoZTZ2Oqs,LS_WILTY_EP11_lie6,926,931,deception
4vSoZTZ2Oqs,LS_WILTY_EP11_truth6,940,946,truth
4vSoZTZ2Oqs,LS_WILTY_EP11_lie7,950,955,deception
4vSoZTZ2Oqs,LS_WILTY_EP11_lie8,979,983,deception
4vSoZTZ2Oqs,LS_WILTY_EP11_lie9,993,997,deception
4vSoZTZ2Oqs,LS_WILTY_EP11_lie10,1128,1133,deception
4vSoZTZ2Oqs,LS_WILTY_EP11_truth7,1198,1201,truth
4vSoZTZ2Oqs,LS_WILTY_EP11_lie11,1355,1358,deception
4vSoZTZ2Oqs,LS_WILTY_EP11_lie12,1373,1378,deception
4vSoZTZ2Oqs,LS_WILTY_EP11_lie13,1410,1413,deception
4vSoZTZ2Oqs,LS_WILTY_EP11_truth8,1457,1460,truth
4vSoZTZ2Oqs,LS_WILTY_EP11_truth9,1506,1510,truth
4vSoZTZ2Oqs,LS_WILTY_EP11_lie14,1585,1590,deception
4vSoZTZ2Oqs,LS_WILTY_EP11_lie15,1615,1618,deception
4vSoZTZ2Oqs,LS_WILTY_EP11_lie16,1622,1627,deception
VnYU4zQaE1c,LS_WILTY_EP12_lie1,118,123,deception
VnYU4zQaE1c,LS_WILTY_EP12_lie2,128,132,deception
VnYU4zQaE1c,LS_WILTY_EP12_lie3,258,261,deception
VnYU4zQaE1c,LS_WILTY_EP12_lie4,278,281,deception
VnYU4zQaE1c,LS_WILTY_EP12_lie5,308,314,deception
VnYU4zQaE1c,LS_WILTY_EP12_truth1,371,375,truth
VnYU4zQaE1c,LS_WILTY_EP12_truth2,436,439,truth
VnYU4zQaE1c,LS_WILTY_EP12_truth3,448,452,truth
VnYU4zQaE1c,LS_WILTY_EP12_lie6,742,746,deception
VnYU4zQaE1c,LS_WILTY_EP12_truth4,757,761,truth
VnYU4zQaE1c,LS_WILTY_EP12_lie7,764,769,deception
VnYU4zQaE1c,LS_WILTY_EP12_lie8,798,803,deception
VnYU4zQaE1c,LS_WILTY_EP12_truth5,915,919,truth
VnYU4zQaE1c,LS_WILTY_EP12_lie9,960,964,deception
VnYU4zQaE1c,LS_WILTY_EP12_lie10,967,972,deception
VnYU4zQaE1c,LS_WILTY_EP12_lie11,982,986,deception
VnYU4zQaE1c,LS_WILTY_EP12_lie12,1136,1139,deception
VnYU4zQaE1c,LS_WILTY_EP12_lie13,1179,1185,deception
VnYU4zQaE1c,LS_WILTY_EP12_lie14,1285,1289,deception
VnYU4zQaE1c,LS_WILTY_EP12_truth6,1470,1473,truth
VnYU4zQaE1c,LS_WILTY_EP12_lie15,1537,1541,deception
VnYU4zQaE1c,LS_WILTY_EP12_lie16,1554,1560,deception
VnYU4zQaE1c,LS_WILTY_EP12_lie17,1583,1586,deception
aHcPRcWMB1c,LS_WILTY_EP13_truth1,111,118,truth
aHcPRcWMB1c,LS_WILTY_EP13_truth2,130,135,truth
aHcPRcWMB1c,LS_WILTY_EP13_truth3,163,168,truth
aHcPRcWMB1c,LS_WILTY_EP13_lie1,261,264,deception
aHcPRcWMB1c,LS_WILTY_EP13_lie2,309,314,deception
aHcPRcWMB1c,LS_WILTY_EP13_lie3,353,359,deception
aHcPRcWMB1c,LS_WILTY_EP13_lie4,381,384,deception
aHcPRcWMB1c,LS_WILTY_EP13_lie5,400,404,deception
aHcPRcWMB1c,LS_WILTY_EP13_lie6,447,451,deception
aHcPRcWMB1c,LS_WILTY_EP13_truth4,863,868,truth
aHcPRcWMB1c,LS_WILTY_EP13_lie7,902,907,deception
aHcPRcWMB1c,LS_WILTY_EP13_lie8,936,941,deception
aHcPRcWMB1c,LS_WILTY_EP13_lie9,988,991,deception
aHcPRcWMB1c,LS_WILTY_EP13_lie10,996,1001,deception
aHcPRcWMB1c,LS_WILTY_EP13_truth5,1032,1035,truth
aHcPRcWMB1c,LS_WILTY_EP13_truth6,1229,1234,truth
aHcPRcWMB1c,LS_WILTY_EP13_truth7,1366,1371,truth
aHcPRcWMB1c,LS_WILTY_EP13_lie11,1439,1442,deception
aHcPRcWMB1c,LS_WILTY_EP13_lie12,1467,1471,deception
aHcPRcWMB1c,LS_WILTY_EP13_lie13,1478,1482,deception
aHcPRcWMB1c,LS_WILTY_EP13_truth8,1607,1612,truth
aHcPRcWMB1c,LS_WILTY_EP13_truth9,1622,1627,truth
aHcPRcWMB1c,LS_WILTY_EP13_truth10,1632,1637,truth
aHcPRcWMB1c,LS_WILTY_EP13_truth11,1639,1643,truth
Y4RQe_4yeSo,LS_WILTY_EP14_lie1,108,113,deception
Y4RQe_4yeSo,LS_WILTY_EP14_lie2,242,247,deception
Y4RQe_4yeSo,LS_WILTY_EP14_lie3,345,349,deception
Y4RQe_4yeSo,LS_WILTY_EP14_truth1,452,456,truth
Y4RQe_4yeSo,LS_WILTY_EP14_truth2,501,506,truth
Y4RQe_4yeSo,LS_WILTY_EP14_truth3,512,515,truth
Y4RQe_4yeSo,LS_WILTY_EP14_truth4,894,898,truth
Y4RQe_4yeSo,LS_WILTY_EP14_lie4,918,923,deception
Y4RQe_4yeSo,LS_WILTY_EP14_lie5,1061,1065,deception
Y4RQe_4yeSo,LS_WILTY_EP14_lie6,1074,1078,deception
Y4RQe_4yeSo,LS_WILTY_EP14_truth5,1100,1103,truth
Y4RQe_4yeSo,LS_WILTY_EP14_truth6,1106,1110,truth
Y4RQe_4yeSo,LS_WILTY_EP14_lie7,1256,1259,deception
Y4RQe_4yeSo,LS_WILTY_EP14_lie8,1268,1271,deception
Y4RQe_4yeSo,LS_WILTY_EP14_lie9,1302,1305,deception
Y4RQe_4yeSo,LS_WILTY_EP14_lie10,1307,1311,deception
Y4RQe_4yeSo,LS_WILTY_EP14_truth7,1342,1348,truth
Y4RQe_4yeSo,LS_WILTY_EP14_truth8,1368,1371,truth
Y4RQe_4yeSo,LS_WILTY_EP14_truth9,1396,1401,truth
Y4RQe_4yeSo,LS_WILTY_EP14_truth10,1464,1468,truth
Y4RQe_4yeSo,LS_WILTY_EP14_lie11,1580,1585,deception
SG1B36dxeJ0,BRI_WILTY_EP57_truth_1,109,113,truth
SG1B36dxeJ0,BRI_WILTY_EP57_truth_2,165,171,truth
SG1B36dxeJ0,BRI_WILTY_EP57_truth_3,187,190,truth
SG1B36dxeJ0,BRI_WILTY_EP57_truth_4,432,436,truth
SG1B36dxeJ0,BRI_WILTY_EP57_truth_5,450,453,truth
SG1B36dxeJ0,BRI_WILTY_EP57_truth_6,460,465,truth
SG1B36dxeJ0,BRI_WILTY_EP57_truth_7,474,478,truth
SG1B36dxeJ0,BRI_WILTY_EP57_truth_8,481,484,truth
SG1B36dxeJ0,BRI_WILTY_EP57_truth_9,715,720,truth
SG1B36dxeJ0,BRI_WILTY_EP57_lie_10,727,730,deception
SG1B36dxeJ0,BRI_WILTY_EP57_lie_11,739,744,deception
SG1B36dxeJ0,BRI_WILTY_EP57_truth_12,760,769,truth
SG1B36dxeJ0,BRI_WILTY_EP57_truth_13,771,774,truth
SG1B36dxeJ0,BRI_WILTY_EP57_truth_14,846,852,truth
SG1B36dxeJ0,BRI_WILTY_EP57_truth_15,854,857,truth
SG1B36dxeJ0,BRI_WILTY_EP57_lie_16,881,887,deception
SG1B36dxeJ0,BRI_WILTY_EP57_lie_17,898,903,deception
SG1B36dxeJ0,BRI_WILTY_EP57_lie_18,912,916,deception
SG1B36dxeJ0,BRI_WILTY_EP57_lie_19,919,925,deception
SG1B36dxeJ0,BRI_WILTY_EP57_lie_20,958,962,deception
SG1B36dxeJ0,BRI_WILTY_EP57_lie_21,985,988,deception
SG1B36dxeJ0,BRI_WILTY_EP57_lie_22,1004,1008,deception
SG1B36dxeJ0,BRI_WILTY_EP57_lie_23,1028,1033,deception
SG1B36dxeJ0,BRI_WILTY_EP57_truth_24,1231,1234,truth
SG1B36dxeJ0,BRI_WILTY_EP57_truth_25,1236,1240,truth
SG1B36dxeJ0,BRI_WILTY_EP57_truth_26,1252,1255,truth
SG1B36dxeJ0,BRI_WILTY_EP57_truth_27,1259,1264,truth
SG1B36dxeJ0,BRI_WILTY_EP57_truth_28,1279,1282,truth
SG1B36dxeJ0,BRI_WILTY_EP57_truth_29,1292,1297,truth
SG1B36dxeJ0,BRI_WILTY_EP57_truth_30,1299,1304,truth
SG1B36dxeJ0,BRI_WILTY_EP57_truth_31,1621,1624,truth
SG1B36dxeJ0,BRI_WILTY_EP57_truth_32,1642,1646,truth
7fWdlSdE9Fo,BRI_WILTY_EP58_lie_1,107,116,deception
7fWdlSdE9Fo,BRI_WILTY_EP58_lie_2,131,134,deception
7fWdlSdE9Fo,BRI_WILTY_EP58_lie_3,172,176,deception
7fWdlSdE9Fo,BRI_WILTY_EP58_lie_4,182,189,deception
7fWdlSdE9Fo,BRI_WILTY_EP58_truth_5,326,330,truth
7fWdlSdE9Fo,BRI_WILTY_EP58_truth_6,339,342,truth
7fWdlSdE9Fo,BRI_WILTY_EP58_truth_7,357,363,truth
7fWdlSdE9Fo,BRI_WILTY_EP58_truth_8,366,370,truth
7fWdlSdE9Fo,BRI_WILTY_EP58_truth_9,384,390,truth
7fWdlSdE9Fo,BRI_WILTY_EP58_truth_10,464,470,truth
7fWdlSdE9Fo,BRI_WILTY_EP58_truth_11,534,541,truth
7fWdlSdE9Fo,BRI_WILTY_EP58_truth_12,560,569,truth
7fWdlSdE9Fo,BRI_WILTY_EP58_truth_13,607,611,truth
7fWdlSdE9Fo,BRI_WILTY_EP58_truth_14,656,663,truth
7fWdlSdE9Fo,BRI_WILTY_EP58_lie_15,750,759,deception
7fWdlSdE9Fo,BRI_WILTY_EP58_lie_16,769,773,deception
7fWdlSdE9Fo,BRI_WILTY_EP58_lie_17,778,781,deception
7fWdlSdE9Fo,BRI_WILTY_EP58_lie_18,801,805,deception
7fWdlSdE9Fo,BRI_WILTY_EP58_lie_19,1016,1023,deception
7fWdlSdE9Fo,BRI_WILTY_EP58_truth_20,1032,1038,truth
7fWdlSdE9Fo,BRI_WILTY_EP58_lie_21,1042,1048,deception
7fWdlSdE9Fo,BRI_WILTY_EP58_lie_22,1048,1053,deception
7fWdlSdE9Fo,BRI_WILTY_EP58_lie_23,1061,1065,deception
7fWdlSdE9Fo,BRI_WILTY_EP58_lie_24,1131,1138,deception
7fWdlSdE9Fo,BRI_WILTY_EP58_lie_25,1162,1171,deception
7fWdlSdE9Fo,BRI_WILTY_EP58_lie_26,1193,1199,deception
7fWdlSdE9Fo,BRI_WILTY_EP58_lie_27,1202,1208,deception
7fWdlSdE9Fo,BRI_WILTY_EP58_lie_28,1217,1224,deception
7fWdlSdE9Fo,BRI_WILTY_EP58_truth_29,1296,1301,truth
7fWdlSdE9Fo,BRI_WILTY_EP58_lie_30,1432,1435,deception
7fWdlSdE9Fo,BRI_WILTY_EP58_lie_31,1442,1448,deception
7fWdlSdE9Fo,BRI_WILTY_EP58_lie_32,1453,1456,deception
7fWdlSdE9Fo,BRI_WILTY_EP58_lie_33,1480,1483,deception
7fWdlSdE9Fo,BRI_WILTY_EP58_lie_34,1595,1600,deception
K_dUfIegnis,BRI_WILTY_EP59_truth_1,101,109,truth
K_dUfIegnis,BRI_WILTY_EP59_truth_2,113,117,truth
K_dUfIegnis,BRI_WILTY_EP59_truth_3,129,137,truth
K_dUfIegnis,BRI_WILTY_EP59_truth_4,146,149,truth
K_dUfIegnis,BRI_WILTY_EP59_truth_5,157,165,truth
K_dUfIegnis,BRI_WILTY_EP59_truth_6,176,181,truth
K_dUfIegnis,BRI_WILTY_EP59_truth_7,230,233,truth
K_dUfIegnis,BRI_WILTY_EP59_truth_8,313,323,truth
K_dUfIegnis,BRI_WILTY_EP59_truth_9,352,359,truth
K_dUfIegnis,BRI_WILTY_EP59_lie_10,571,579,deception
K_dUfIegnis,BRI_WILTY_EP59_lie_11,586,591,deception
K_dUfIegnis,BRI_WILTY_EP59_truth_12,596,602,truth
K_dUfIegnis,BRI_WILTY_EP59_lie_13,621,626,deception
K_dUfIegnis,BRI_WILTY_EP59_lie_14,665,668,deception
K_dUfIegnis,BRI_WILTY_EP59_lie_15,793,797,deception
K_dUfIegnis,BRI_WILTY_EP59_lie_16,892,899,deception
K_dUfIegnis,BRI_WILTY_EP59_truth_17,946,951,truth
K_dUfIegnis,BRI_WILTY_EP59_truth_18,952,957,truth
K_dUfIegnis,BRI_WILTY_EP59_truth_19,961,969,truth
K_dUfIegnis,BRI_WILTY_EP59_deception_20,1182,1191,deception
K_dUfIegnis,BRI_WILTY_EP59_deception_21,1216,1221,deception
K_dUfIegnis,BRI_WILTY_EP59_deception_22,1235,1240,deception
K_dUfIegnis,BRI_WILTY_EP59_deception_23,1248,1251,deception
K_dUfIegnis,BRI_WILTY_EP59_deception_24,1320,1326,deception
K_dUfIegnis,BRI_WILTY_EP59_deception_25,1579,1582,deception
K_dUfIegnis,BRI_WILTY_EP59_deception_26,1630,1634,deception
4er8rBrelyw,BRI_WILTY_EP60_truth_1,118,122,truth
4er8rBrelyw,BRI_WILTY_EP60_truth_2,199,203,truth
4er8rBrelyw,BRI_WILTY_EP60_truth_3,394,398,truth
4er8rBrelyw,BRI_WILTY_EP60_truth_4,510,513,truth
4er8rBrelyw,BRI_WILTY_EP60_truth_5,626,631,truth
4er8rBrelyw,BRI_WILTY_EP60_truth_6,634,637,truth
4er8rBrelyw,BRI_WILTY_EP60_truth_7,764,768,truth
4er8rBrelyw,BRI_WILTY_EP60_lie_8,772,778,deception
4er8rBrelyw,BRI_WILTY_EP60_lie_9,790,797,deception
4er8rBrelyw,BRI_WILTY_EP60_truth_10,823,826,truth
4er8rBrelyw,BRI_WILTY_EP60_truth_11,865,869,truth
4er8rBrelyw,BRI_WILTY_EP60_truth_12,897,901,truth
4er8rBrelyw,BRI_WILTY_EP60_lie_13,940,944,deception
4er8rBrelyw,BRI_WILTY_EP60_lie_14,952,956,deception
4er8rBrelyw,BRI_WILTY_EP60_lie_15,964,971,deception
4er8rBrelyw,BRI_WILTY_EP60_lie_16,1012,1017,deception
4er8rBrelyw,BRI_WILTY_EP60_lie_17,1048,1056,deception
4er8rBrelyw,BRI_WILTY_EP60_lie_18,1078,1082,deception
4er8rBrelyw,BRI_WILTY_EP60_lie_19,1125,1129,deception
4er8rBrelyw,BRI_WILTY_EP60_lie_20,1232,1235,deception
4er8rBrelyw,BRI_WILTY_EP60_lie_21,1254,1257,deception
4er8rBrelyw,BRI_WILTY_EP60_lie_22,1406,1411,deception
4er8rBrelyw,BRI_WILTY_EP60_lie_23,1511,1514,deception
4er8rBrelyw,BRI_WILTY_EP60_lie_24,1534,1540,deception
vbsNrE6Oocs,BRI_WILTY_EP61_lie_1,108,113,deception
vbsNrE6Oocs,BRI_WILTY_EP61_lie_2,116,119,deception
vbsNrE6Oocs,BRI_WILTY_EP61_lie_3,125,128,deception
vbsNrE6Oocs,BRI_WILTY_EP61_lie_4,155,158,deception
vbsNrE6Oocs,BRI_WILTY_EP61_lie_5,163,167,deception
vbsNrE6Oocs,BRI_WILTY_EP61_lie_6,180,184,deception
vbsNrE6Oocs,BRI_WILTY_EP61_lie_7,227,232,deception
vbsNrE6Oocs,BRI_WILTY_EP61_lie_8,268,271,deception
vbsNrE6Oocs,BRI_WILTY_EP61_truth_9,340,346,truth
vbsNrE6Oocs,BRI_WILTY_EP61_truth_10,390,398,truth
vbsNrE6Oocs,BRI_WILTY_EP61_truth_11,442,447,truth
vbsNrE6Oocs,BRI_WILTY_EP61_truth_12,465,467,truth
vbsNrE6Oocs,BRI_WILTY_EP61_truth_13,537,546,truth
vbsNrE6Oocs,BRI_WILTY_EP61_truth_14,577,581,truth
vbsNrE6Oocs,BRI_WILTY_EP61_truth_15,585,588,truth
vbsNrE6Oocs,BRI_WILTY_EP61_truth_16,614,621,truth
vbsNrE6Oocs,BRI_WILTY_EP61_truth_17,776,784,truth
vbsNrE6Oocs,BRI_WILTY_EP61_lie_18,802,808,deception
vbsNrE6Oocs,BRI_WILTY_EP61_truth_19,868,875,truth
vbsNrE6Oocs,BRI_WILTY_EP61_truth_20,906,911,truth
vbsNrE6Oocs,BRI_WILTY_EP61_truth_21,913,917,truth
vbsNrE6Oocs,BRI_WILTY_EP61_lie_22,939,824,deception
vbsNrE6Oocs,BRI_WILTY_EP61_lie_23,948,954,deception
vbsNrE6Oocs,BRI_WILTY_EP61_lie_24,961,965,deception
vbsNrE6Oocs,BRI_WILTY_EP61_lie_25,968,972,deception
vbsNrE6Oocs,BRI_WILTY_EP61_lie_26,978,984,deception
vbsNrE6Oocs,BRI_WILTY_EP61_lie_27,1095,1098,deception
vbsNrE6Oocs,BRI_WILTY_EP61_lie_28,1133,1137,deception
vbsNrE6Oocs,BRI_WILTY_EP61_lie_29,1145,1154,deception
vbsNrE6Oocs,BRI_WILTY_EP61_lie_30,1189,1192,deception
vbsNrE6Oocs,BRI_WILTY_EP61_lie_31,1194,1200,deception
vbsNrE6Oocs,BRI_WILTY_EP61_lie_32,1204,1209,deception
vbsNrE6Oocs,BRI_WILTY_EP61_truth_33,1346,1355,Truth
vbsNrE6Oocs,BRI_WILTY_EP61_truth_34,1364,1370,Truth
vbsNrE6Oocs,BRI_WILTY_EP61_truth_35,1378,1382,Truth
vbsNrE6Oocs,BRI_WILTY_EP61_lie_36,1460,1501,Deception
vbsNrE6Oocs,BRI_WILTY_EP61_lie_37,1520,1523,Deception
jflRZk9V_qY,BRI_WILTY_EP62_truth_1,107,111,Truth
jflRZk9V_qY,BRI_WILTY_EP62_truth_2,136,139,Truth
jflRZk9V_qY,BRI_WILTY_EP62_truth_3,168,173,Truth
jflRZk9V_qY,BRI_WILTY_EP62_truth_4,221,224,Truth
jflRZk9V_qY,BRI_WILTY_EP62_truth_5,258,262,Truth
jflRZk9V_qY,BRI_WILTY_EP62_truth_6,390,393,Truth
jflRZk9V_qY,BRI_WILTY_EP62_truth_7,432,435,Truth
jflRZk9V_qY,BRI_WILTY_EP62_truth_8,454,457,Truth
jflRZk9V_qY,BRI_WILTY_EP62_truth_9,520,524,Truth
jflRZk9V_qY,BRI_WILTY_EP62_truth_10,560,564,Truth
jflRZk9V_qY,BRI_WILTY_EP62_truth_11,571,578,Truth
jflRZk9V_qY,BRI_WILTY_EP62_truth_12,622,626,Truth
jflRZk9V_qY,BRI_WILTY_EP62_truth_13,732,741,Truth
jflRZk9V_qY,BRI_WILTY_EP62_lie_14,743,752,Deception
jflRZk9V_qY,BRI_WILTY_EP62_lie_15,771,774,Deception
jflRZk9V_qY,BRI_WILTY_EP62_lie_16,777,780,Deception
jflRZk9V_qY,BRI_WILTY_EP62_lie_17,820,824,Deception
jflRZk9V_qY,BRI_WILTY_EP62_lie_18,827,833,Deception
jflRZk9V_qY,BRI_WILTY_EP62_truth_19,909,913,Truth
jflRZk9V_qY,BRI_WILTY_EP62_truth_20,926,930,Truth
jflRZk9V_qY,BRI_WILTY_EP62_truth_21,979,988,Truth
jflRZk9V_qY,BRI_WILTY_EP62_truth_22,1013,1016,Truth
jflRZk9V_qY,BRI_WILTY_EP62_truth_23,1032,1041,Truth
jflRZk9V_qY,BRI_WILTY_EP62_lie_24,1172,1177,Deception
jflRZk9V_qY,BRI_WILTY_EP62_lie_25,1196,1204,Deception
jflRZk9V_qY,BRI_WILTY_EP62_lie_26,1223,1231,Deception
jflRZk9V_qY,BRI_WILTY_EP62_lie_27,1250,1259,Deception
jflRZk9V_qY,BRI_WILTY_EP62_lie_28,1262,1270,Deception
jflRZk9V_qY,BRI_WILTY_EP62_lie_29,1399,1403,Deception
jflRZk9V_qY,BRI_WILTY_EP62_lie_30,1407,1410,Deception
jflRZk9V_qY,BRI_WILTY_EP62_truth_31,1605,1608,Truth
4iznh63xL44,BRI_WILTY_EP63_truth_1,119,124,Truth
4iznh63xL44,BRI_WILTY_EP63_truth_2,167,170,Truth
4iznh63xL44,BRI_WILTY_EP63_truth_3,208,213,Truth
4iznh63xL44,BRI_WILTY_EP63_truth_4,237,242,Truth
4iznh63xL44,BRI_WILTY_EP63_truth_5,251,256,Truth
4iznh63xL44,BRI_WILTY_EP63_truth_6,264,267,Truth
4iznh63xL44,BRI_WILTY_EP63_truth_7,315,321,Truth
4iznh63xL44,BRI_WILTY_EP63_truth_8,327,331,Truth
4iznh63xL44,BRI_WILTY_EP63_truth_9,339,343,Truth
4iznh63xL44,BRI_WILTY_EP63_truth_10,386,390,Truth
4iznh63xL44,BRI_WILTY_EP63_truth_11,396,400,Truth
4iznh63xL44,BRI_WILTY_EP63_truth_12,407,411,Truth
4iznh63xL44,BRI_WILTY_EP63_truth_13,419,427,Truth
4iznh63xL44,BRI_WILTY_EP63_truth_14,442,450,Truth
4iznh63xL44,BRI_WILTY_EP63_truth_15,458,461,Truth
4iznh63xL44,BRI_WILTY_EP63_truth_16,483,487,Truth
4iznh63xL44,BRI_WILTY_EP63_truth_17,514,519,Truth
4iznh63xL44,BRI_WILTY_EP63_truth_18,534,540,Truth
4iznh63xL44,BRI_WILTY_EP63_truth_19,541,543,Truth
4iznh63xL44,BRI_WILTY_EP63_truth_20,556,560,Truth
4iznh63xL44,BRI_WILTY_EP63_truth_21,565,568,Truth
4iznh63xL44,BRI_WILTY_EP63_truth_22,605,610,Truth
4iznh63xL44,BRI_WILTY_EP63_truth_23,646,652,Truth
4iznh63xL44,BRI_WILTY_EP63_truth_24,665,669,Truth
4iznh63xL44,BRI_WILTY_EP63_lie_25,771,776,Deception
4iznh63xL44,BRI_WILTY_EP63_truth_26,789,795,Truth
4iznh63xL44,BRI_WILTY_EP63_lie_27,799,802,Deception
4iznh63xL44,BRI_WILTY_EP63_lie_28,953,837,Deception
4iznh63xL44,BRI_WILTY_EP63_lie_29,1037,1044,Deception
4iznh63xL44,BRI_WILTY_EP63_lie_30,1073,1081,Deception
4iznh63xL44,BRI_WILTY_EP63_truth_31,1322,1325,Truth
MZ_p8qaG08o,BRI_WILTY_EP64_truth_1,125,130,Truth
MZ_p8qaG08o,BRI_WILTY_EP64_truth_2,141,146,Truth
MZ_p8qaG08o,BRI_WILTY_EP64_truth_3,160,164,Truth
MZ_p8qaG08o,BRI_WILTY_EP64_truth_4,241,244,Truth
MZ_p8qaG08o,BRI_WILTY_EP64_truth_5,273,276,Truth
MZ_p8qaG08o,BRI_WILTY_EP64_truth_6,444,450,Truth
MZ_p8qaG08o,BRI_WILTY_EP64_truth_7,470,473,Truth
MZ_p8qaG08o,BRI_WILTY_EP64_truth_8,507,511,Truth
MZ_p8qaG08o,BRI_WILTY_EP64_truth_9,521,525,Truth
MZ_p8qaG08o,BRI_WILTY_EP64_lie_10,721,727,Deception
MZ_p8qaG08o,BRI_WILTY_EP64_lie_11,731,737,Deception
MZ_p8qaG08o,BRI_WILTY_EP64_truth_12,745,753,Truth
MZ_p8qaG08o,BRI_WILTY_EP64_lie_13,769,772,Deception
MZ_p8qaG08o,BRI_WILTY_EP64_lie_14,800,806,Deception
MZ_p8qaG08o,BRI_WILTY_EP64_lie_15,939,942,Deception
MZ_p8qaG08o,BRI_WILTY_EP64_truth_16,994,999,Truth
MZ_p8qaG08o,BRI_WILTY_EP64_truth_17,1008,1012,Truth
MZ_p8qaG08o,BRI_WILTY_EP64_truth_18,1058,1066,Truth
MZ_p8qaG08o,BRI_WILTY_EP64_truth_19,1081,1086,Truth
MZ_p8qaG08o,BRI_WILTY_EP64_truth_20,1099,1105,Truth
MZ_p8qaG08o,BRI_WILTY_EP64_lie_21,1263,1266,Deception
MZ_p8qaG08o,BRI_WILTY_EP64_lie_22,1448,1453,Deception
MZ_p8qaG08o,BRI_WILTY_EP64_lie_23,1456,1461,Deception
MZ_p8qaG08o,BRI_WILTY_EP64_lie_24,1523,1527,Deception
Bo6sN8TmAUk,BRI_WILTY_EP65_truth_1,129,135,Truth
Bo6sN8TmAUk,BRI_WILTY_EP65_truth_2,136,141,Truth
Bo6sN8TmAUk,BRI_WILTY_EP65_truth_3,181,185,Truth
Bo6sN8TmAUk,BRI_WILTY_EP65_truth_4,219,225,Truth
Bo6sN8TmAUk,BRI_WILTY_EP65_truth_5,250,256,Truth
Bo6sN8TmAUk,BRI_WILTY_EP65_truth_6,261,265,Truth
Bo6sN8TmAUk,BRI_WILTY_EP65_truth_7,268,271,Truth
Bo6sN8TmAUk,BRI_WILTY_EP65_lie_8,408,415,Deception
Bo6sN8TmAUk,BRI_WILTY_EP65_lie_9,418,423,Deception
Bo6sN8TmAUk,BRI_WILTY_EP65_lie_10,444,448,Deception
Bo6sN8TmAUk,BRI_WILTY_EP65_lie_11,521,526,Deception
Bo6sN8TmAUk,BRI_WILTY_EP65_lie_12,787,792,Deception
Bo6sN8TmAUk,BRI_WILTY_EP65_truth_13,923,928,Truth
Bo6sN8TmAUk,BRI_WILTY_EP65_truth_14,934,940,Truth
Bo6sN8TmAUk,BRI_WILTY_EP65_lie_15,990,993,Deception
Bo6sN8TmAUk,BRI_WILTY_EP65_truth_16,1299,1305,Truth
Bo6sN8TmAUk,BRI_WILTY_EP65_lie_17,1632,1636,Deception
Bo6sN8TmAUk,BRI_WILTY_EP65_lie_18,1648,1651,Deception
JyqdXpgnDNo,BRI_WILTY_EP66_truth_1,110,118,Truth
JyqdXpgnDNo,BRI_WILTY_EP66_truth_2,130,133,Truth
JyqdXpgnDNo,BRI_WILTY_EP66_truth_3,138,142,Truth
JyqdXpgnDNo,BRI_WILTY_EP66_truth_4,159,166,Truth
JyqdXpgnDNo,BRI_WILTY_EP66_truth_5,200,207,Truth
JyqdXpgnDNo,BRI_WILTY_EP66_truth_6,230,240,Truth
JyqdXpgnDNo,BRI_WILTY_EP66_truth_7,249,258,Truth
JyqdXpgnDNo,BRI_WILTY_EP66_truth_8,350,358,Truth
JyqdXpgnDNo,BRI_WILTY_EP66_truth_9,404,409,Truth
JyqdXpgnDNo,BRI_WILTY_EP66_lie_10,744,752,Deception
JyqdXpgnDNo,BRI_WILTY_EP66_lie_11,767,772,Deception
JyqdXpgnDNo,BRI_WILTY_EP66_lie_12,796,803,Deception
JyqdXpgnDNo,BRI_WILTY_EP66_truth_13,1416,1424,Truth
JyqdXpgnDNo,BRI_WILTY_EP66_truth_14,1430,1435,Truth
JyqdXpgnDNo,BRI_WILTY_EP66_truth_15,1436,1447,Truth
JyqdXpgnDNo,BRI_WILTY_EP66_truth_16,1457,1460,Truth
JyqdXpgnDNo,BRI_WILTY_EP66_truth_17,1480,1488,Truth
JyqdXpgnDNo,BRI_WILTY_EP66_truth_18,1490,1495,Truth
JyqdXpgnDNo,BRI_WILTY_EP66_truth_19,1530,1538,Truth
JOqMqNlhLOI,BRI_WILTY_EP67_lie_1,92,101,Deception
JOqMqNlhLOI,BRI_WILTY_EP67_lie_2,116,120,Deception
JOqMqNlhLOI,BRI_WILTY_EP67_lie_3,134,142,Deception
JOqMqNlhLOI,BRI_WILTY_EP67_lie_4,250,255,Deception
JOqMqNlhLOI,BRI_WILTY_EP67_lie_5,277,282,Deception
JOqMqNlhLOI,BRI_WILTY_EP67_truth_6,384,388,Truth
JOqMqNlhLOI,BRI_WILTY_EP67_truth_7,410,418,Truth
JOqMqNlhLOI,BRI_WILTY_EP67_lie_8,677,685,Deception
JOqMqNlhLOI,BRI_WILTY_EP67_truth_9,687,696,Truth
JOqMqNlhLOI,BRI_WILTY_EP67_lie_10,699,708,Deception
JOqMqNlhLOI,BRI_WILTY_EP67_truth_11,725,730,Truth
JOqMqNlhLOI,BRI_WILTY_EP67_lie_12,791,797,Deception
JOqMqNlhLOI,BRI_WILTY_EP67_lie_13,854,862,Deception
JOqMqNlhLOI,BRI_WILTY_EP67_truth_14,1192,1199,Truth
JOqMqNlhLOI,BRI_WILTY_EP67_truth_15,1238,1243,Truth
JOqMqNlhLOI,BRI_WILTY_EP67_truth_16,1250,1256,Truth
HPlXvaGFJ3I,BRI_WILTY_EP68_lie_1,72,79,Deception
HPlXvaGFJ3I,BRI_WILTY_EP68_lie_2,92,96,Deception
HPlXvaGFJ3I,BRI_WILTY_EP68_lie_3,127,134,Deception
HPlXvaGFJ3I,BRI_WILTY_EP68_truth_4,564,570,Truth
HPlXvaGFJ3I,BRI_WILTY_EP68_lie_5,575,581,Deception
HPlXvaGFJ3I,BRI_WILTY_EP68_lie_6,584,590,Deception
HPlXvaGFJ3I,BRI_WILTY_EP68_truth_7,616,621,Truth
HPlXvaGFJ3I,BRI_WILTY_EP68_truth_8,673,678,Truth
HPlXvaGFJ3I,BRI_WILTY_EP68_truth_9,760,765,Truth
HPlXvaGFJ3I,BRI_WILTY_EP68_lie_10,824,830,Deception
HPlXvaGFJ3I,BRI_WILTY_EP68_truth_11,1186,1194,Truth
HPlXvaGFJ3I,BRI_WILTY_EP68_truth_12,1215,1218,Truth
HPlXvaGFJ3I,BRI_WILTY_EP68_truth_13,1253,1258,Truth
HPlXvaGFJ3I,BRI_WILTY_EP68_truth_14,1270,1277,Truth
HPlXvaGFJ3I,BRI_WILTY_EP68_lie_15,1385,1392,Deception
HPlXvaGFJ3I,BRI_WILTY_EP68_lie_16,1394,1398,Deception
HPlXvaGFJ3I,BRI_WILTY_EP68_lie_17,1411,1416,Deception
HPlXvaGFJ3I,BRI_WILTY_EP68_lie_18,1437,1443,Deception
HPlXvaGFJ3I,BRI_WILTY_EP68_lie_19,1499,1507,Deception
HPlXvaGFJ3I,BRI_WILTY_EP68_lie_20,1527,1538,Deception
HPlXvaGFJ3I,BRI_WILTY_EP68_lie_21,1544,1552,Deception
YOw1CSQ1Kro,BRI_WILTY_EP69_lie_1,118,128,Deception
YOw1CSQ1Kro,BRI_WILTY_EP69_lie_2,153,158,Deception
YOw1CSQ1Kro,BRI_WILTY_EP69_lie_3,161,167,Deception
YOw1CSQ1Kro,BRI_WILTY_EP69_truth_4,365,370,Truth
YOw1CSQ1Kro,BRI_WILTY_EP69_truth_5,393,400,Truth
YOw1CSQ1Kro,BRI_WILTY_EP69_truth_6,541,546,Truth
YOw1CSQ1Kro,BRI_WILTY_EP69_lie_8,549,558,Deception
YOw1CSQ1Kro,BRI_WILTY_EP69_lie_9,563,572,Deception
YOw1CSQ1Kro,BRI_WILTY_EP69_truth_10,589,593,Truth
YOw1CSQ1Kro,BRI_WILTY_EP69_truth_11,608,612,Truth
YOw1CSQ1Kro,BRI_WILTY_EP69_lie_12,696,700,Deception
YOw1CSQ1Kro,BRI_WILTY_EP69_lie_13,809,813,Deception
YOw1CSQ1Kro,BRI_WILTY_EP69_lie_14,823,830,Deception
YOw1CSQ1Kro,BRI_WILTY_EP69_lie_15,838,842,Deception
YOw1CSQ1Kro,BRI_WILTY_EP69_lie_16,879,885,Deception
YOw1CSQ1Kro,BRI_WILTY_EP69_lie_17,938,944,Deception
YOw1CSQ1Kro,BRI_WILTY_EP69_lie_18,963,968,Deception
YOw1CSQ1Kro,BRI_WILTY_EP69_lie_19,1095,1102,Deception
YOw1CSQ1Kro,BRI_WILTY_EP69_lie_20,1107,1110,Deception
YOw1CSQ1Kro,BRI_WILTY_EP69_lie_21,1135,1139,Deception
YOw1CSQ1Kro,BRI_WILTY_EP69_truth_22,1293,1303,Truth
YOw1CSQ1Kro,BRI_WILTY_EP69_truth_23,1331,1336,Truth
YOw1CSQ1Kro,BRI_WILTY_EP69_truth_24,1467,1478,Truth
YOw1CSQ1Kro,BRI_WILTY_EP69_truth_25,1487,1492,Truth
YOw1CSQ1Kro,BRI_WILTY_EP69_truth_26,1515,1522,Truth
UOaPxUeJA3I,YW_WILTY_EP70_truth1,102,109,truth
UOaPxUeJA3I,YW_WILTY_EP70_truth2,117,120,truth
UOaPxUeJA3I,YW_WILTY_EP70_truth3,124,127,truth
UOaPxUeJA3I,YW_WILTY_EP70_truth4,133,136,truth
UOaPxUeJA3I,YW_WILTY_EP70_truth5,138,142,truth
UOaPxUeJA3I,YW_WILTY_EP70_truth6,163,168,truth
UOaPxUeJA3I,YW_WILTY_EP70_truth7,220,223,truth
UOaPxUeJA3I,YW_WILTY_EP70_truth8,259,263,truth
UOaPxUeJA3I,YW_WILTY_EP70_truth9,271,274,truth
UOaPxUeJA3I,YW_WILTY_EP70_truth10,401,405,truth
UOaPxUeJA3I,YW_WILTY_EP70_truth11,414,420,truth
UOaPxUeJA3I,YW_WILTY_EP70_truth12,636,641,truth
UOaPxUeJA3I,YW_WILTY_EP70_truth13,682,686,truth
UOaPxUeJA3I,YW_WILTY_EP70_truth14,758,764,truth
UOaPxUeJA3I,YW_WILTY_EP70_truth15,937,940,truth
UOaPxUeJA3I,YW_WILTY_EP70_truth16,1010,1016,truth
UOaPxUeJA3I,YW_WILTY_EP70_lie17,1090,1094,deception
UOaPxUeJA3I,YW_WILTY_EP70_lie18,1129,1134,deception
UOaPxUeJA3I,YW_WILTY_EP70_lie19,1183,1187,deception
UOaPxUeJA3I,YW_WILTY_EP70_lie20,1195,1199,deception
UOaPxUeJA3I,YW_WILTY_EP70_lie21,1278,1281,deception
r_EYquoGsK0,SJ_WILTY_EP71_true_1,77,83,truth
r_EYquoGsK0,SJ_WILTY_EP71_true_2,87,90,truth
r_EYquoGsK0,SJ_WILTY_EP71_true_3,93,97,truth
r_EYquoGsK0,SJ_WILTY_EP71_true_4,102,105,truth
r_EYquoGsK0,SJ_WILTY_EP71_true_5,120,124,truth
r_EYquoGsK0,SJ_WILTY_EP71_true_6,129,132,truth
r_EYquoGsK0,SJ_WILTY_EP71_true_7,257,260,truth
r_EYquoGsK0,SJ_WILTY_EP71_true_8,262,265,truth
r_EYquoGsK0,SJ_WILTY_EP71_true_9,359,364,truth
r_EYquoGsK0,SJ_WILTY_EP71_true_10,379,382,truth
r_EYquoGsK0,SJ_WILTY_EP71_true_11,400,405,truth
r_EYquoGsK0,SJ_WILTY_EP71_true_12,411,416,truth
r_EYquoGsK0,SJ_WILTY_EP71_true_13,424,427,truth
r_EYquoGsK0,SJ_WILTY_EP71_true_14,463,467,truth
r_EYquoGsK0,SJ_WILTY_EP71_true_15,546,554,truth
r_EYquoGsK0,SJ_WILTY_EP71_true_16,559,568,truth
r_EYquoGsK0,SJ_WILTY_EP71_true_17,579,589,truth
r_EYquoGsK0,SJ_WILTY_EP71_true_18,607,612,truth
r_EYquoGsK0,SJ_WILTY_EP71_true_19,627,635,truth
r_EYquoGsK0,SJ_WILTY_EP71_true_20,651,655,truth
r_EYquoGsK0,SJ_WILTY_EP71_true_21,663,668,truth
r_EYquoGsK0,SJ_WILTY_EP71_true_22,685,690,truth
r_EYquoGsK0,SJ_WILTY_EP71_true_23,719,724,truth
r_EYquoGsK0,SJ_WILTY_EP71_true_24,731,735,truth
r_EYquoGsK0,SJ_WILTY_EP71_true_25,737,740,truth
r_EYquoGsK0,SJ_WILTY_EP71_lie_1,772,776,deception
r_EYquoGsK0,SJ_WILTY_EP71_lie_2,782,791,deception
r_EYquoGsK0,SJ_WILTY_EP71_lie_3,795,799,deception
r_EYquoGsK0,SJ_WILTY_EP71_lie_4,814,818,deception
r_EYquoGsK0,SJ_WILTY_EP71_lie_5,851,854,deception
r_EYquoGsK0,SJ_WILTY_EP71_lie_6,869,873,deception
r_EYquoGsK0,SJ_WILTY_EP71_lie_7,903,909,deception
r_EYquoGsK0,SJ_WILTY_EP71_lie_8,913,918,deception
r_EYquoGsK0,SJ_WILTY_EP71_lie_9,938,944,deception
r_EYquoGsK0,SJ_WILTY_EP71_lie_10,960,965,deception
r_EYquoGsK0,SJ_WILTY_EP71_lie_11,994,998,deception
r_EYquoGsK0,SJ_WILTY_EP71_lie_12,1001,1005,deception
r_EYquoGsK0,SJ_WILTY_EP71_lie_13,1009,1012,deception
r_EYquoGsK0,SJ_WILTY_EP71_lie_14,1022,1028,deception
r_EYquoGsK0,SJ_WILTY_EP71_lie_15,1053,1058,deception
r_EYquoGsK0,SJ_WILTY_EP71_lie_16,1075,1078,deception
r_EYquoGsK0,SJ_WILTY_EP71_lie_17,1091,1095,deception
r_EYquoGsK0,SJ_WILTY_EP71_true_26,1213,1216,truth
r_EYquoGsK0,SJ_WILTY_EP71_true_27,1220,1225,truth
r_EYquoGsK0,SJ_WILTY_EP71_true_28,1234,1238,truth
r_EYquoGsK0,SJ_WILTY_EP71_true_29,1244,1248,truth
r_EYquoGsK0,SJ_WILTY_EP71_true_30,1302,1307,truth
r_EYquoGsK0,SJ_WILTY_EP71_true_31,1310,1319,truth
r_EYquoGsK0,SJ_WILTY_EP71_lie_18,1418,1424,truth
FCn_xqDKU6w,LS_WILTY_EP72_lie1,149,152,lie
FCn_xqDKU6w,LS_WILTY_EP72_lie2,174,178,lie
FCn_xqDKU6w,LS_WILTY_EP72_lie3,243,246,lie
FCn_xqDKU6w,LS_WILTY_EP72_true1,375,380,truth
FCn_xqDKU6w,LS_WILTY_EP72_true2,395,406,truth
FCn_xqDKU6w,LS_WILTY_EP72_true3,526,532,truth
FCn_xqDKU6w,LS_WILTY_EP72_true4,556,562,truth
FCn_xqDKU6w,LS_WILTY_EP72_true5,616,620,truth
FCn_xqDKU6w,LS_WILTY_EP72_true6,624,627,truth
FCn_xqDKU6w,LS_WILTY_EP72_true7,700,706,truth
FCn_xqDKU6w,LS_WILTY_EP72_lie4,713,717,lie
FCn_xqDKU6w,LS_WILTY_EP72_lie5,723,729,lie
FCn_xqDKU6w,LS_WILTY_EP72_true8,771,777,truth
FCn_xqDKU6w,LS_WILTY_EP72_true9,845,850,truth
FCn_xqDKU6w,LS_WILTY_EP72_lie6,898,910,lie
FCn_xqDKU6w,LS_WILTY_EP72_lie7,917,922,lie
FCn_xqDKU6w,LS_WILTY_EP72_lie8,1015,1018,lie
FCn_xqDKU6w,LS_WILTY_EP72_lie9,1022,1026,lie
FCn_xqDKU6w,LS_WILTY_EP72_lie10,1034,1041,lie
FCn_xqDKU6w,LS_WILTY_EP72_lie11,1112,1116,lie
FCn_xqDKU6w,LS_WILTY_EP72_lie12,1457,1462,lie
FCn_xqDKU6w,LS_WILTY_EP72_lie13,1416,1421,lie
FCn_xqDKU6w,LS_WILTY_EP72_lie14,1531,1538,lie
FCn_xqDKU6w,LS_WILTY_EP72_lie15,1592,1597,lie
FCn_xqDKU6w,LS_WILTY_EP72_lie16,1605,1608,lie
FCn_xqDKU6w,LS_WILTY_EP72_lie17,1633,1622,lie
CHT1ESSpKQU,LS_WILTY_EP73_ true1,111,122,truth
CHT1ESSpKQU,LS_WILTY_EP73_ true2,141,145,truth
CHT1ESSpKQU,LS_WILTY_EP73_ true3,227,231,truth
CHT1ESSpKQU,LS_WILTY_EP73_ true4,235,241,truth
CHT1ESSpKQU,LS_WILTY_EP73_ true5,242,265,truth
CHT1ESSpKQU,LS_WILTY_EP73_ true6,364,369,truth
CHT1ESSpKQU,LS_WILTY_EP73_ true7,371,376,truth
CHT1ESSpKQU,LS_WILTY_EP73_ true8,438,446,truth
CHT1ESSpKQU,LS_WILTY_EP73_ true9,478,481,truth
CHT1ESSpKQU,LS_WILTY_EP73_ true10,529,534,truth
CHT1ESSpKQU,LS_WILTY_EP73_ true11,537,541,truth
CHT1ESSpKQU,LS_WILTY_EP73_ true12,544,550,truth
CHT1ESSpKQU,LS_WILTY_EP73_ true13,591,597,truth
CHT1ESSpKQU,LS_WILTY_EP73_ true14,698,705,truth
CHT1ESSpKQU,LS_WILTY_EP73_ lie1,726,733,lie
CHT1ESSpKQU,LS_WILTY_EP73_ true16,740,744,truth
CHT1ESSpKQU,LS_WILTY_EP73_ true17,788,796,truth
CHT1ESSpKQU,LS_WILTY_EP73_ true18,822,826,truth
CHT1ESSpKQU,LS_WILTY_EP73_ lie2,913,920,lie
CHT1ESSpKQU,LS_WILTY_EP73_ lie3,945,952,lie
CHT1ESSpKQU,LS_WILTY_EP73_ lie4,996,1001,lie
CHT1ESSpKQU,LS_WILTY_EP73_ lie5,1014,1018,lie
CHT1ESSpKQU,LS_WILTY_EP73_ lie6,1029,1033,lie
CHT1ESSpKQU,LS_WILTY_EP73_ lie7,1116,1124,lie
CHT1ESSpKQU,LS_WILTY_EP73_ lie8,1155,1165,lie
CHT1ESSpKQU,LS_WILTY_EP73_ lie9,1596,1603,lie
zeY-HNXhvrg,LS_WILTY_EP75_lie1,87,92,lie
zeY-HNXhvrg,LS_WILTY_EP75_lie2,185,233,lie
zeY-HNXhvrg,LS_WILTY_EP75_lie3,312,316,lie
zeY-HNXhvrg,LS_WILTY_EP75_true1,354,362,truth
zeY-HNXhvrg,LS_WILTY_EP75_true2,372,376,truth
zeY-HNXhvrg,LS_WILTY_EP75_true3,423,426,truth
zeY-HNXhvrg,LS_WILTY_EP75_true4,614,602,truth
zeY-HNXhvrg,LS_WILTY_EP75_lie4,843,875,lie
zeY-HNXhvrg,LS_WILTY_EP75_lie5,947,953,lie
zeY-HNXhvrg,LS_WILTY_EP75_lie6,1335,1338,lie
zeY-HNXhvrg,LS_WILTY_EP75_lie7,1369,1372,lie
zeY-HNXhvrg,LS_WILTY_EP75_lie8,1383,1391,lie
zeY-HNXhvrg,LS_WILTY_EP75_lie9,1411,1419,lie
xmNBmKCGZXY,LS_WILTY_EP76_true1,138,141,truth
xmNBmKCGZXY,LS_WILTY_EP76_true2,145,149,truth
xmNBmKCGZXY,LS_WILTY_EP76_true3,166,125,truth
xmNBmKCGZXY,LS_WILTY_EP76_true4,194,199,truth
xmNBmKCGZXY,LS_WILTY_EP76_true5,244,248,truth
xmNBmKCGZXY,LS_WILTY_EP76_lie1,419,423,truth
xmNBmKCGZXY,LS_WILTY_EP76_lie2,442,445,truth
xmNBmKCGZXY,LS_WILTY_EP76_true6,628,631,truth
xmNBmKCGZXY,LS_WILTY_EP76_true7,807,816,truth
xmNBmKCGZXY,LS_WILTY_EP75_lie10,834,839,lie
xmNBmKCGZXY,LS_WILTY_EP76_true8,872,879,truth
xmNBmKCGZXY,LS_WILTY_EP76_true9,947,951,truth
xmNBmKCGZXY,LS_WILTY_EP76_true10,957,962,truth
xmNBmKCGZXY,LS_WILTY_EP76_true11,976,982,truth
xmNBmKCGZXY,LS_WILTY_EP76_true12,992,999,truth
xmNBmKCGZXY,LS_WILTY_EP76_true13,1014,1019,truth
xmNBmKCGZXY,LS_WILTY_EP76_lie11,1093,1096,lie
xmNBmKCGZXY,LS_WILTY_EP76_lie12,1225,1203,lie
xmNBmKCGZXY,LS_WILTY_EP76_lie13,1257,1261,lie
xmNBmKCGZXY,LS_WILTY_EP76_lie14,1322,1344,lie
xmNBmKCGZXY,LS_WILTY_EP76_lie15,1566,1561,lie
xmNBmKCGZXY,LS_WILTY_EP76_lie16,1603,1611,lie
